,percent_change
2005-01-04,0.0
2005-01-05,89.70358814352574
2005-01-06,20.826833073322934
2005-01-07,65.18345042935206
2005-01-10,78.046875
2005-01-12,37.23653395784544
2005-01-13,47.69711163153786
2005-01-14,15.0
2005-01-17,10.867865519937451
2005-01-18,83.3203429462198
2005-01-19,31.640625
2005-01-20,16.796875
2005-01-21,83.29430132708822
2005-01-24,94.05320813771519
2005-01-25,24.351924587588375
2005-01-26,19.54828660436137
2005-01-27,12.860483242400624
2005-01-28,14.521193092621665
2005-01-31,9.018987341772151
2005-02-01,33.073322932917314
2005-02-02,99.06614785992218
2005-02-03,13.693270735524257
2005-02-04,88.52459016393442
2005-02-16,77.92511700468019
2005-02-17,57.43190661478599
2005-02-18,15.546874999999998
2005-02-21,94.53125
2005-02-22,98.74411302982732
2005-02-23,68.14641744548287
2005-02-24,52.931978107896796
2005-02-25,41.9984387197502
2005-02-28,33.965244865718795
2005-03-01,46.948356807511736
2005-03-02,14.941634241245136
2005-03-03,62.304075235109714
2005-03-04,24.353954581049333
2005-03-07,54.68873128447596
2005-03-08,94.67918622848201
2005-03-09,48.475371383893666
2005-03-10,7.198748043818466
2005-03-11,54.17642466822795
2005-03-14,33.77535101404056
2005-03-15,19.299610894941637
2005-03-16,30.116731517509727
2005-03-17,21.651090342679126
2005-03-18,13.917122752150119
2005-03-21,53.64134690681285
2005-03-22,15.402658326817825
2005-03-23,49.64980544747082
2005-03-24,80.67030397505846
2005-03-25,34.453125
2005-03-28,24.80252764612954
2005-03-29,32.1875
2005-03-30,10.666666666666668
2005-03-31,69.56862745098039
2005-04-01,98.50746268656717
2005-04-04,14.353312302839116
2005-04-05,25.816485225505442
2005-04-06,79.92156862745098
2005-04-07,85.11301636788777
2005-04-08,87.60852407261247
2005-04-11,41.647058823529406
2005-04-12,10.708661417322835
2005-04-13,94.31906614785991
2005-04-14,17.133956386292834
2005-04-15,15.698587127158556
2005-04-18,22.900158478605388
2005-04-19,58.9159465828751
2005-04-20,18.045705279747835
2005-04-22,31.926751592356688
2005-04-25,24.302788844621514
2005-04-26,80.99838969404188
2005-04-27,22.50196695515342
2005-04-28,87.74193548387098
2005-04-29,20.83000798084597
2005-05-09,8.966074313408724
2005-05-10,49.558232931726906
2005-05-11,33.51778656126482
2005-05-12,44.76650563607085
2005-05-13,73.78872120730739
2005-05-16,33.6283185840708
2005-05-17,77.47819191118161
2005-05-18,70.87691069991955
2005-05-19,44.68922108575924
2005-05-20,26.122448979591837
2005-05-23,8.138597904915391
2005-05-24,87.83570300157977
2005-05-25,57.302474062250596
2005-05-26,22.439024390243905
2005-05-27,30.361445783132528
2005-05-30,80.47775947281714
2005-05-31,38.55421686746988
2005-06-01,10.132501948558067
2005-06-02,31.739811912225708
2005-06-03,42.12999216914643
2005-06-06,79.87470634299139
2005-06-07,50.35128805620609
2005-06-08,100.0
2005-06-09,57.53317720530835
2005-06-10,13.847364280094416
2005-06-13,59.811616954474104
2005-06-14,14.274570982839313
2005-06-15,9.44574551131928
2005-06-16,69.65408805031447
2005-06-20,94.17077175697865
2005-06-21,24.93946731234867
2005-06-22,55.64581640942323
2005-06-23,20.09685230024213
2005-06-24,55.90872045639772
2005-06-27,97.7850697292863
2005-06-28,13.076923076923078
2005-06-29,27.650897226753667
2005-06-30,6.622516556291391
2005-07-01,7.057890563045202
2005-07-04,27.35177865612648
2005-07-05,30.329153605015673
2005-07-06,38.41940532081377
2005-07-07,64.24668227946917
2005-07-08,8.5423197492163
2005-07-11,27.094753328112763
2005-07-12,92.89617486338798
2005-07-13,26.262626262626267
2005-07-14,44.83294483294483
2005-07-15,15.678627145085802
2005-07-18,17.628705148205928
2005-07-19,71.01787101787102
2005-07-20,65.08183943881528
2005-07-21,36.77621283255086
2005-07-22,93.17647058823529
2005-07-25,36.96682464454976
2005-07-26,95.3579858379229
2005-07-27,92.29559748427673
2005-07-28,38.95486935866984
2005-07-29,32.670906200317965
2005-08-01,63.09904153354633
2005-08-02,89.60831334932054
2005-08-03,73.80573248407643
2005-08-04,26.687847498014293
2005-08-05,96.97933227344993
2005-08-08,77.03349282296651
2005-08-09,85.26148969889064
2005-08-10,69.80982567353408
2005-08-11,70.22961203483769
2005-08-12,22.59083728278041
2005-08-15,91.44893111638956
2005-08-16,46.56126482213438
2005-08-17,79.96857816182246
2005-08-18,8.012568735271014
2005-08-19,38.775510204081634
2005-08-22,74.4313725490196
2005-08-23,22.54290171606864
2005-08-24,79.01716068642746
2005-08-25,70.11764705882354
2005-08-26,57.01960784313725
2005-08-29,31.201248049921997
2005-08-30,30.76323987538941
2005-08-31,84.65116279069768
2005-09-01,95.09727626459143
2005-09-02,63.01476301476302
2005-09-05,83.46333853354135
2005-09-06,10.374414976599065
2005-09-07,96.03729603729604
2005-09-08,45.27131782945737
2005-09-09,23.17262830482115
2005-09-12,60.32388663967612
2005-09-13,96.55448717948718
2005-09-14,70.0
2005-09-15,49.515347334410336
2005-09-16,41.854838709677416
2005-09-19,83.11258278145695
2005-09-20,30.51839464882943
2005-09-21,19.12613355317395
2005-09-22,8.313155770782888
2005-09-23,21.658615136876005
2005-09-26,64.61412151067324
2005-09-27,16.065573770491802
2005-10-21,67.08754208754209
2005-10-24,54.86649440137812
2005-10-25,13.33907056798623
2005-10-26,9.682947729220222
2005-10-27,36.66947014297729
2005-10-28,13.85390428211587
2005-10-31,70.46808510638299
2005-11-01,28.800675675675674
2005-11-02,91.86923721709975
2005-11-03,22.02970297029703
2005-11-04,69.60461285008238
2005-11-07,68.1704260651629
2005-11-08,72.51461988304094
2005-11-09,28.85738115095913
2005-11-10,8.963815789473683
2005-11-11,61.86161449752883
2005-11-14,61.75732217573222
2005-11-15,27.600671140939596
2005-11-16,69.10774410774411
2005-11-17,40.033361134278564
2005-11-18,97.17607973421927
2005-11-21,58.728813559322035
2005-11-22,7.724957555178268
2005-11-23,77.27272727272727
2005-11-24,56.75227837613919
2005-11-25,45.38590604026846
2005-11-28,34.32963279248506
2005-11-29,13.86986301369863
2005-11-30,51.01351351351351
2005-12-01,34.22594142259414
2005-12-02,16.329966329966332
2005-12-05,6.966864910790145
2005-12-06,63.13559322033898
2005-12-07,81.2870448772227
2005-12-08,32.69230769230769
2005-12-09,91.41414141414141
2005-12-12,67.15017064846417
2005-12-13,36.34826711749788
2005-12-14,79.76291278577476
2005-12-15,23.14814814814815
2005-12-16,72.58883248730965
2005-12-19,46.64926022628372
2005-12-20,41.34029590948651
2005-12-21,17.155172413793103
2005-12-22,56.835769561478934
2005-12-23,87.46666666666667
2005-12-26,75.3339269813001
2005-12-27,38.19139596136962
2005-12-28,48.639157155399474
2005-12-29,73.57019064124783
2005-12-30,17.04745166959578
2006-01-04,85.37444933920705
2006-01-05,83.17677198975235
2006-01-06,71.19932432432432
2006-01-09,82.5234441602728
2006-01-10,49.82876712328767
2006-01-11,27.938671209540033
2006-01-12,89.47368421052632
2006-01-13,50.0
2006-01-16,17.235345581802274
2006-01-17,43.657042869641295
2006-01-18,92.58289703315882
2006-01-19,63.49480968858131
2006-01-20,37.65217391304348
2006-01-23,50.13648771610555
2006-01-24,38.06104129263914
2006-01-25,36.120996441281136
2006-02-06,94.02460456942003
2006-02-07,49.826086956521735
2006-02-08,64.37880104257168
2006-02-09,20.452567449956486
2006-02-10,75.04347826086956
2006-02-13,42.16549295774648
2006-02-14,64.05570060922543
2006-02-15,39.34142114384749
2006-02-16,11.311053984575835
2006-02-17,27.2108843537415
2006-02-20,36.315323294951284
2006-02-21,87.5
2006-02-22,40.47410008779631
2006-02-23,48.395490026019075
2006-02-24,64.65968586387434
2006-02-27,36.74588665447898
2006-02-28,43.596730245231605
2006-03-01,69.6588868940754
2006-03-02,11.091393078970718
2006-03-03,44.46412754650133
2006-03-06,34.82224247948952
2006-03-07,6.953339432753888
2006-03-08,39.23705722070845
2006-03-09,33.659839715048975
2006-03-10,53.30948121645797
2006-03-13,72.3034734917733
2006-03-14,44.799270072992705
2006-03-15,80.61594202898551
2006-03-16,41.14490161001789
2006-03-17,34.375
2006-03-20,84.27382053654024
2006-03-21,51.05990783410138
2006-03-22,70.90239410681399
2006-03-23,66.14678899082568
2006-03-24,23.44322344322344
2006-03-27,69.72301814708692
2006-03-28,59.238095238095234
2006-03-29,46.254681647940075
2006-03-30,20.930232558139537
2006-03-31,55.25581395348838
2006-04-03,83.5820895522388
2006-04-04,69.0587138863001
2006-04-05,62.48839368616528
2006-04-06,39.85307621671258
2006-04-07,65.90493601462522
2006-04-10,89.2018779342723
2006-04-11,42.988084326306144
2006-04-12,44.48495897903373
2006-04-13,12.972972972972974
2006-04-14,91.8991899189919
2006-04-17,55.46296296296296
2006-04-18,37.05772811918063
2006-04-19,33.45521023765997
2006-04-20,26.383763837638373
2006-04-21,58.264081255771
2006-04-24,25.91206735266604
2006-04-25,43.627906976744185
2006-04-26,72.1964782205746
2006-04-27,49.81718464351005
2006-04-28,54.734848484848484
2006-05-08,94.180407371484
2006-05-09,90.93484419263456
2006-05-10,68.796992481203
2006-05-11,34.10138248847927
2006-05-12,91.5719696969697
2006-05-15,93.95393474088291
2006-05-16,24.150943396226417
2006-05-17,74.40366972477064
2006-05-18,59.83224603914259
2006-05-19,86.27450980392157
2006-05-22,83.69876072449952
2006-05-23,13.370998116760829
2006-05-24,22.702205882352942
2006-05-25,74.42502299908004
2006-05-26,88.5576923076923
2006-06-12,52.12285456187895
2006-06-13,59.245960502692995
2006-06-14,38.55098389982111
2006-06-16,93.81255686988172
2006-06-19,68.6184812442818
2006-06-20,59.50864422202001
2006-06-21,31.84257602862254
2006-06-22,37.82569631626235
2006-06-23,72.53649635036497
2006-06-27,48.61111111111111
2006-06-28,44.50651769087523
2006-06-29,92.5
2006-06-30,37.4031007751938
2006-07-03,82.21198156682028
2006-07-04,32.2463768115942
2006-07-05,31.15487914055506
2006-07-06,95.3941541186891
2006-07-07,42.0017873100983
2006-07-19,16.420503909643788
2006-07-20,71.08225108225108
2006-07-21,62.33653007846556
2006-07-24,42.717584369449376
2006-07-25,80.19281332164768
2006-07-26,49.73867595818815
2006-07-27,20.120898100172713
2006-07-28,27.374784110535405
2006-07-31,6.869565217391305
2006-08-01,23.711340206185564
2006-08-02,42.39316239316239
2006-08-03,45.840407470288625
2006-08-04,8.828522920203735
2006-08-07,16.595744680851062
2006-08-08,96.61016949152543
2006-08-09,41.11675126903553
2006-08-10,89.75444538526672
2006-08-11,53.074978938500415
2006-08-14,9.083191850594227
2006-08-15,92.0608108108108
2006-08-16,88.53288364249579
2006-08-17,24.086378737541526
2006-08-18,26.755852842809364
2006-08-21,48.27875734676742
2006-08-22,70.7949790794979
2006-08-23,32.0364238410596
2006-08-24,70.2880658436214
2006-08-25,47.524752475247524
2006-08-28,95.23809523809523
2006-08-29,42.17067108533554
2006-08-30,61.97183098591549
2006-08-31,54.958677685950406
2006-09-01,16.378600823045268
2006-09-04,93.09484193011647
2006-09-05,46.0840890354493
2006-09-06,55.55555555555556
2006-09-07,16.461916461916463
2006-09-08,48.349834983498354
2006-09-11,55.436573311367376
2006-09-12,57.34208367514356
2006-09-13,19.309778142974526
2006-09-14,41.13360323886639
2006-09-15,79.96702390766694
2006-09-18,87.55118755118755
2006-09-19,41.58496732026144
2006-09-20,46.536267318663405
2006-09-21,51.74654752233956
2006-09-22,24.471544715447155
2006-09-25,42.786885245901644
2006-09-26,37.848932676518885
2006-09-27,71.28953771289538
2006-09-28,62.956945572705116
2006-09-29,71.30081300813008
2006-10-09,83.7152209492635
2006-10-13,54.87012987012987
2006-10-16,39.59349593495935
2006-10-17,39.371980676328505
2006-10-18,79.5673076923077
2006-10-19,47.71084337349398
2006-10-20,26.720647773279353
2006-10-23,10.20242914979757
2006-10-24,95.40692989524577
2006-10-25,30.22508038585209
2006-10-26,33.01282051282051
2006-10-27,21.069433359936156
2006-10-30,48.10941271118263
2006-10-31,71.80722891566265
2006-11-01,51.51757188498402
2006-11-02,37.55980861244019
2006-11-03,56.02553870710295
2006-11-06,32.908366533864545
2006-11-07,26.097366320830005
2006-11-08,37.77064955894146
2006-11-09,78.52028639618138
2006-11-10,9.6
2006-11-13,10.048231511254018
2006-11-14,75.16025641025641
2006-11-15,88.18327974276528
2006-11-16,17.845659163987136
2006-11-17,73.46123101518785
2006-11-20,34.40773569701853
2006-11-21,56.17529880478087
2006-11-22,74.48
2006-11-23,56.65338645418326
2006-11-24,70.44728434504792
2006-11-27,85.73717948717949
2006-11-28,48.242811501597444
2006-11-29,55.891719745222936
2006-11-30,83.26724821570183
2006-12-01,42.42664551942902
2006-12-04,84.51151707704527
2006-12-05,57.484076433121025
2006-12-06,23.98406374501992
2006-12-07,30.36565977742448
2006-12-08,10.585404971932638
2006-12-11,96.15384615384616
2006-12-12,39.29712460063898
2006-12-13,46.55035685963521
2006-12-14,77.77777777777779
2006-12-15,64.63512429831596
2006-12-18,66.5587044534413
2006-12-19,47.43178170144463
2006-12-20,72.72727272727273
2006-12-21,30.750605326876514
2006-12-22,36.407766990291265
2006-12-25,61.42506142506142
2006-12-26,21.95318805488297
2006-12-27,54.65489566613162
2006-12-28,16.543816543816543
2006-12-29,76.58022690437602
2007-01-04,44.34426229508197
2007-01-05,86.48208469055375
2007-01-08,96.54340836012861
2007-01-09,83.98406374501992
2007-01-10,88.2120253164557
2007-01-11,56.28458498023715
2007-01-12,16.203335980937254
2007-01-15,98.71897518014411
2007-01-16,82.25552050473186
2007-01-17,37.86331500392773
2007-01-18,78.34645669291339
2007-01-19,93.82911392405063
2007-01-22,98.25673534072901
2007-01-23,45.16889238020424
2007-01-24,55.99060297572436
2007-01-25,12.40126382306477
2007-01-26,48.151062155782846
2007-01-29,91.56816390858944
2007-01-30,39.31357254290172
2007-01-31,10.74766355140187
2007-02-01,56.03112840466926
2007-02-02,25.604996096799375
2007-02-05,71.76656151419559
2007-02-06,82.00934579439252
2007-02-07,72.16174183514774
2007-02-08,76.539360872954
2007-02-09,47.76820673453406
2007-02-12,92.3861852433281
2007-02-13,75.58320373250389
2007-02-14,85.90240123934935
2007-02-15,94.60708782742681
2007-02-16,60.076628352490424
2007-02-26,88.36671802773498
2007-02-27,4.012345679012346
2007-02-28,92.109375
2007-03-01,29.547198772064466
2007-03-02,77.39197530864197
2007-03-05,46.73913043478261
2007-03-06,51.950078003120126
2007-03-07,92.48466257668711
2007-03-08,87.29792147806005
2007-03-09,42.02004626060139
2007-03-12,76.50695517774344
2007-03-13,67.84615384615384
2007-03-14,37.547892720306514
2007-03-15,84.0891621829362
2007-03-16,25.308641975308642
2007-03-19,58.93271461716937
2007-03-20,83.56589147286822
2007-03-21,77.89716039907904
2007-03-22,50.61349693251533
2007-03-23,64.4015444015444
2007-03-26,86.07003891050584
2007-03-27,68.53415195702226
2007-03-28,25.26964560862866
2007-03-29,14.395688991531946
2007-03-30,71.6923076923077
2007-04-02,92.42540168324408
2007-04-03,72.01834862385321
2007-04-04,60.07604562737643
2007-04-05,77.32115677321157
2007-04-06,68.2907965970611
2007-04-09,76.0
2007-04-10,48.65694551036071
2007-04-11,57.404580152671755
2007-04-12,85.32818532818533
2007-04-13,39.11042944785276
2007-04-16,96.13601236476043
2007-04-17,73.54740061162079
2007-04-18,78.003120124805
2007-04-19,13.884555382215288
2007-04-20,99.13928012519561
2007-04-23,92.71882261812549
2007-04-24,50.660450660450664
2007-04-25,36.25592417061612
2007-04-26,67.92908944399679
2007-05-08,92.34972677595628
2007-05-09,41.43302180685358
2007-05-10,61.040000000000006
2007-05-11,38.911454102355805
2007-05-25,65.64762670957361
2007-05-28,83.18794607454402
2007-05-29,70.53291536050156
2007-05-30,5.168363351605325
2007-05-31,25.71872571872572
2007-06-20,19.022154316271962
2007-06-21,36.87834736036725
2007-06-22,11.289092295957284
2007-06-25,8.859784283513097
2007-06-27,84.91577335375192
2007-06-28,7.752545027407988
2007-06-29,13.095238095238097
2007-07-02,66.13026819923373
2007-07-03,71.51469480030144
2007-07-04,17.713853141559426
2007-07-05,6.150341685649203
2007-07-06,96.13343442001516
2007-07-09,96.27376425855513
2007-07-10,18.257575757575758
2007-07-11,74.69788519637463
2007-07-12,61.631419939577036
2007-07-13,35.87613293051359
2007-07-16,16.590563165905632
2007-07-17,88.0180859080633
2007-07-18,48.29674489023467
2007-07-19,60.43707611152976
2007-07-23,99.24642049736248
2007-07-24,38.49056603773585
2007-07-25,94.55370650529501
2007-07-26,80.8446455505279
2007-07-27,75.75987841945289
2007-07-30,84.51563691838292
2007-07-31,59.634424980959636
2007-08-01,10.917361637604246
2007-08-02,94.67275494672755
2007-08-03,64.78227654698243
2007-08-06,74.78991596638656
2007-08-07,38.84234577303884
2007-08-08,28.49503437738732
2007-08-09,61.850152905198776
2007-08-10,22.19662058371736
2007-08-13,44.19847328244275
2007-08-14,87.54745634016705
2007-08-15,33.71385083713851
2007-08-16,58.409090909090914
2007-08-17,37.08459214501511
2007-08-20,97.26651480637814
2007-08-21,55.23737754333082
2007-08-22,65.02649507948523
2007-08-23,61.11951588502269
2007-08-24,49.73424449506454
2007-08-27,36.38443935926773
2007-08-28,41.48372445117335
2007-08-29,34.76297968397291
2007-08-30,91.54716981132076
2007-08-31,63.86175807663411
2007-09-03,80.95238095238095
2007-09-04,33.933933933933936
2007-09-05,53.50414468726451
2007-09-06,59.29003021148036
2007-09-07,21.88449848024316
2007-09-10,73.48484848484848
2007-09-11,6.179351921627732
2007-09-12,60.22727272727273
2007-09-13,78.93553223388305
2007-09-14,65.47799696509864
2007-09-17,81.29277566539925
2007-09-18,49.01812688821752
2007-09-19,27.72795216741405
2007-09-20,66.59176029962546
2007-09-21,29.985007496251875
2007-09-24,47.70158251695554
2007-09-25,39.25373134328358
2007-09-26,28.024042073628852
2007-09-27,68.91891891891892
2007-09-28,90.9433962264151
2007-10-08,39.54887218045113
2007-10-09,62.14605067064084
2007-10-10,29.962546816479403
2007-10-11,23.692077727952167
2007-10-12,20.553064275037368
2007-10-15,45.67993989481593
2007-10-16,66.71664167916042
2007-10-17,41.7910447761194
2007-10-18,22.973977695167285
2007-10-19,38.79374534623976
2007-10-22,21.599402092675636
2007-10-23,52.910447761194035
2007-10-24,23.42814371257485
2007-10-25,5.128205128205128
2007-10-26,45.72940287226002
2007-10-29,69.61451247165533
2007-10-30,85.58490566037736
2007-10-31,95.57721139430285
2007-11-01,17.5018698578908
2007-11-02,22.904191616766468
2007-11-05,74.70149253731343
2007-11-06,66.7910447761194
2007-11-07,39.47565543071161
2007-11-08,8.509036144578314
2007-11-09,38.675696012039126
2007-11-12,34.5427059712774
2007-11-13,62.92974588938714
2007-11-14,96.95619896065331
2007-11-15,24.150943396226417
2007-11-16,50.03779289493575
2007-11-19,88.39820359281437
2007-11-20,75.48579970104635
2007-11-21,25.185185185185183
2007-11-22,6.175595238095238
2007-11-23,83.6842105263158
2007-11-26,28.46497764530551
2007-11-27,34.73762010347376
2007-11-28,41.66048925129726
2007-11-29,94.77611940298507
2007-11-30,21.842496285289748
2007-12-03,70.30438010393468
2007-12-04,58.72781065088757
2007-12-05,90.30347890451517
2007-12-06,55.72065378900446
2007-12-07,87.19467061435974
2007-12-10,96.92883895131087
2007-12-11,71.93763919821826
2007-12-12,55.77066269545793
2007-12-13,12.184249628528974
2007-12-14,87.35119047619048
2007-12-17,57.80780780780781
2007-12-18,30.70631970260223
2007-12-20,79.71662938105891
2007-12-21,85.67186340014847
2007-12-24,81.86567164179105
2007-12-25,69.63235294117646
2007-12-26,88.10051736881005
2007-12-27,62.703101920236335
2007-12-28,36.181277860326894
2008-01-02,91.87779433681072
2008-01-03,80.2612481857765
2008-01-04,43.92727272727272
2008-01-07,74.76294675419402
2008-01-08,17.531044558071585
2008-01-09,94.62989840348331
2008-01-10,50.90645395213923
2008-01-11,39.038601602330665
2008-01-14,72.22222222222221
2008-01-15,63.89496717724289
2008-01-16,31.625183016105417
2008-01-17,22.246376811594203
2008-01-18,64.52328159645234
2008-01-21,10.719530102790015
2008-01-22,1.7454545454545456
2008-01-23,90.7703488372093
2008-01-24,86.08695652173914
2008-01-25,46.87045123726347
2008-01-28,5.454545454545454
2008-01-29,74.8014440433213
2008-01-30,60.83815028901734
2008-01-31,10.472727272727273
2008-02-01,9.53757225433526
2008-02-04,99.85507246376811
2008-02-05,49.395017793594306
2008-02-13,36.01997146932953
2008-02-14,92.91338582677166
2008-02-15,31.07913669064748
2008-02-18,96.59173313995649
2008-02-19,87.41007194244604
2008-02-20,27.870036101083034
2008-02-21,65.80459770114942
2008-02-22,18.85424220449601
2008-02-25,11.69208424110385
2008-02-26,59.251259899208065
2008-02-27,93.7007874015748
2008-02-28,49.17680744452398
2008-02-29,80.63354931605473
2008-03-03,96.56897784131523
2008-03-04,32.21667854597292
2008-03-05,50.250896057347674
2008-03-06,56.774193548387096
2008-03-07,19.470293486041516
2008-03-10,9.75609756097561
2008-03-11,72.70773638968481
2008-03-12,12.933526011560694
2008-03-13,11.74785100286533
2008-03-14,40.40114613180516
2008-03-17,2.382671480144404
2008-03-18,2.087832973362131
2008-03-19,91.26074498567334
2008-03-20,94.07086044830079
2008-03-21,69.94219653179191
2008-03-24,17.80821917808219
2008-03-25,73.90366642703091
2008-03-26,41.66064981949458
2008-03-27,5.7430007178750895
2008-03-28,88.71906841339155
2008-03-31,8.147080028839222
2008-04-01,1.7142857142857144
2008-04-02,7.881417208966016
2008-04-03,81.74659985683607
2008-04-07,99.71305595408894
2008-04-08,85.52821997105644
2008-04-09,6.195965417867435
2008-04-10,87.05712219812003
2008-04-11,81.61499639509732
2008-04-14,3.7356321839080464
2008-04-15,84.67100506146059
2008-04-16,15.744069015097054
2008-04-17,9.045226130653267
2008-04-18,6.504065040650407
2008-04-21,51.3909224011713
2008-04-22,29.1970802919708
2008-04-23,97.97541576283442
2008-04-24,99.85580389329488
2008-04-25,54.27319211102994
2008-04-28,36.02347762289068
2008-04-29,70.33773861967695
2008-04-30,97.6928622927181
2008-05-05,94.82758620689656
2008-05-06,36.38328530259366
2008-05-07,10.300429184549357
2008-05-08,94.8339483394834
2008-05-09,43.221574344023324
2008-05-12,73.85952208544533
2008-05-13,43.22097378277154
2008-05-14,82.4891461649783
2008-05-15,32.76374442793462
2008-05-16,25.223880597014926
2008-05-19,45.355587808417994
2008-05-20,4.502541757443718
2008-05-21,83.67931281317108
2008-05-22,30.703012912482063
2008-05-23,32.449856733524356
2008-05-26,14.613180515759314
2008-05-27,65.01064584811922
2008-05-28,92.64599855803894
2008-05-29,13.129879347054649
2008-05-30,56.182987848463185
2008-06-02,63.98872445384073
2008-06-03,39.816772374911906
2008-06-04,21.69943820224719
2008-06-05,37.420718816067655
2008-06-06,43.241330502477
2008-06-10,1.7568517217146873
2008-06-11,21.1484593837535
2008-06-13,8.327501749475157
2008-06-16,23.81625441696113
2008-06-17,11.188811188811188
2008-06-18,96.48135116115412
2008-06-19,1.8789144050104383
2008-06-20,66.57243816254417
2008-06-23,23.18941504178273
2008-06-24,90.19337016574586
2008-06-25,99.16724496877168
2008-06-26,72.3314606741573
2008-06-27,3.4801136363636362
2008-06-30,56.69291338582677
2008-07-01,18.848526387936943
2008-07-02,83.45864661654136
2008-07-03,97.54768392370572
2008-07-04,40.78857919782461
2008-07-07,99.31506849315068
2008-07-08,71.98364008179959
2008-07-09,93.39237057220708
2008-07-10,18.132242672119972
2008-07-11,29.911019849418206
2008-07-14,85.06849315068493
2008-07-15,14.452054794520548
2008-07-16,7.923497267759563
2008-07-17,31.647300068352703
2008-07-18,90.52488070892979
2008-07-21,99.72752043596729
2008-07-22,52.54237288135594
2008-07-23,28.90995260663507
2008-07-24,97.22033898305085
2008-07-25,31.100478468899524
2008-07-28,79.26330150068213
2008-07-29,20.977596741344197
2008-07-30,42.66304347826087
2008-07-31,7.702794819359236
2008-08-01,76.10020311442113
2008-08-04,14.767363452461227
2008-08-05,13.143631436314362
2008-08-06,54.32266848196051
2008-08-07,61.54366960054164
2008-08-08,2.0903573836817264
2008-08-11,2.3680649526387008
2008-08-12,35.294117647058826
2008-08-13,44.20485175202156
2008-08-14,56.53638814016172
2008-08-15,43.169398907103826
2008-08-18,1.9768234492160874
2008-08-19,76.7003367003367
2008-08-20,99.93224932249322
2008-08-21,13.909520594193111
2008-08-22,20.95687331536388
2008-08-25,46.49122807017544
2008-08-26,5.910006715916722
2008-08-27,50.236008091706
2008-08-28,48.25033647375505
2008-08-29,96.31367292225201
2008-09-01,14.151576123407109
2008-09-02,63.11200536552649
2008-09-03,45.44846050870147
2008-09-04,68.22742474916387
2008-09-05,5.064145847400405
2008-09-08,7.93010752688172
2008-09-09,71.50501672240802
2008-09-10,63.45381526104418
2008-09-11,13.779264214046824
2008-09-12,54.52091767881242
2008-09-16,19.76980365605958
2008-09-17,25.973154362416107
2008-09-18,14.505347593582888
2008-09-19,99.86568166554734
2008-09-22,94.84259879437374
2008-09-23,6.149732620320856
2008-09-24,75.60160427807486
2008-09-25,92.3956931359354
2008-09-26,43.86440677966102
2008-10-06,12.62660364618501
2008-10-07,40.174966352624494
2008-10-08,16.23989218328841
2008-10-09,24.848484848484848
2008-10-10,4.13279132791328
2008-10-13,76.72530446549392
2008-10-14,13.002680965147453
2008-10-16,7.142857142857142
2008-10-17,75.67024128686327
2008-10-20,93.64973262032086
2008-10-21,40.93333333333333
2008-10-22,20.56262558606832
2008-10-23,63.91129032258065
2008-10-24,23.446893787575153
2008-10-27,3.0913978494623655
2008-10-28,82.9105473965287
2008-10-29,13.043478260869565
2008-10-30,70.50938337801608
2008-10-31,21.71885409726849
2008-11-03,29.144385026737968
2008-11-04,26.43142476697736
2008-11-05,96.92101740294511
2008-11-06,20.615796519410978
2008-11-07,84.66175485599464
2008-11-10,99.59704499664204
2008-11-11,29.905913978494624
2008-11-12,92.0858484238766
2008-11-13,98.92761394101876
2008-11-14,99.32386747802569
2008-11-17,97.55268524813052
2008-11-18,6.220419202163624
2008-11-19,99.26075268817203
2008-11-20,48.582995951417004
2008-11-21,25.43978349120433
2008-11-24,12.188552188552189
2008-11-25,35.8974358974359
2008-11-26,58.748317631224765
2008-11-27,76.33175994605529
2008-11-28,29.979605710401085
2008-12-01,95.67567567567568
2008-12-02,72.63581488933602
2008-12-03,99.18973666441595
2008-12-04,39.19463087248322
2008-12-05,89.91935483870968
2008-12-08,99.66307277628033
2008-12-09,21.759570181329753
2008-12-10,92.71390374331551
2008-12-11,15.208613728129205
2008-12-12,8.378378378378379
2008-12-15,76.46662171274443
2008-12-16,74.09395973154362
2008-12-17,70.6
2008-12-18,84.04825737265415
2008-12-19,63.47826086956522
2008-12-22,51.07671601615073
2008-12-23,4.4607190412782955
2008-12-24,20.253164556962027
2008-12-25,42.64607118871726
2008-12-26,39.148073022312374
2008-12-29,37.31859018659296
2008-12-30,35.56597454789016
2008-12-31,23.86058981233244
2009-01-05,96.46430953969313
2009-01-06,96.01593625498009
2009-01-07,51.55320555188367
2009-01-08,19.801324503311257
2009-01-09,93.421926910299
2009-01-12,68.55429713524317
2009-01-13,12.5
2009-01-14,98.53820598006644
2009-01-15,60.36217303822937
2009-01-16,53.86151797603196
2009-01-19,42.34828496042216
2009-01-20,65.29528865295289
2009-01-21,37.16755319148936
2009-01-22,77.04047777040478
2009-01-23,32.14521452145215
2009-02-02,93.21475625823452
2009-02-03,94.3745863666446
2009-02-04,85.50628722700199
2009-02-05,25.844930417495032
2009-02-06,99.93364299933643
2009-02-09,94.56593770709078
2009-02-10,82.00531208499336
2009-02-11,42.486702127659576
2009-02-12,60.704787234042556
2009-02-13,96.48774022531478
2009-02-16,73.40848806366049
2009-02-17,13.245033112582782
2009-02-18,12.408759124087592
2009-02-19,81.10964332892999
2009-02-20,94.42601194426013
2009-02-23,97.67750497677505
2009-02-25,53.35102853351028
2009-02-26,4.258150365934797
2009-03-02,84.20703384207033
2009-03-03,51.751487111698616
2009-03-04,99.80237154150198
2009-03-05,59.63060686015831
2009-03-06,35.01997336884155
2009-03-09,12.034574468085106
2009-03-10,92.02127659574468
2009-03-11,36.423841059602644
2009-03-12,47.9734219269103
2009-03-13,29.177718832891248
2009-03-16,77.28181212524984
2009-03-17,99.4726433750824
2009-03-18,68.02403204272363
2009-03-19,92.65873015873017
2009-03-20,32.484929671801744
2009-03-23,86.26005361930295
2009-03-24,57.97872340425532
2009-03-25,17.745163442294864
2009-03-26,92.71877087508351
2009-03-27,58.361316319677634
2009-03-30,54.63709677419355
2009-03-31,54.39302481556003
2009-04-01,78.08127914723516
2009-04-02,43.07692307692308
2009-04-03,31.754503002001332
2009-04-07,73.24414715719062
2009-04-08,13.547954393024817
2009-04-09,83.46720214190094
2009-04-10,97.5443383356071
2009-04-13,70.98515519568151
2009-04-14,70.26121902210315
2009-04-15,61.47540983606557
2009-04-16,49.25170068027211
2009-04-17,28.08683853459973
2009-04-20,91.592005513439
2009-04-21,42.71047227926078
2009-04-22,9.066121336059986
2009-04-23,55.434782608695656
2009-04-24,31.28834355828221
2009-04-27,12.508497620666216
2009-04-28,70.17301038062284
2009-04-29,88.99392302498312
2009-04-30,70.1219512195122
2009-05-04,98.59719438877755
2009-05-05,70.35786630654964
2009-05-06,75.42201215395004
2009-05-07,33.08675184936113
2009-05-08,50.38062283737024
2009-05-11,10.663021189336979
2009-05-12,89.05506458191707
2009-05-13,61.002031144211244
2009-05-14,48.36120401337793
2009-05-15,59.92932862190813
2009-05-19,60.98562628336756
2009-05-20,29.923980649619903
2009-05-21,20.677966101694913
2009-05-22,55.64795564795565
2009-05-25,40.5277401894452
2009-05-26,51.623815967523676
2009-05-27,48.35460040295501
2009-06-01,85.73360378634213
2009-06-02,52.878179384203484
2009-06-03,61.148197596795725
2009-06-04,38.0920613742495
2009-06-05,37.60855043420174
2009-06-15,81.05053191489363
2009-06-16,38.0
2009-06-17,78.68525896414343
2009-06-18,58.004018754186205
2009-06-19,47.98927613941019
2009-06-22,33.691275167785236
2009-06-23,36.98996655518395
2009-06-24,74.68354430379746
2009-06-25,40.06734006734007
2009-06-26,51.20109814687714
2009-06-30,30.15006821282401
2009-07-01,66.42238507661558
2009-07-02,64.66666666666666
2009-07-03,55.71142284569138
2009-07-06,48.7248322147651
2009-07-07,56.82878081279147
2009-07-08,68.87994634473507
2009-07-09,84.52301534356238
2009-07-10,51.03264490339774
2009-07-13,63.903743315508024
2009-07-14,89.2430278884462
2009-07-15,57.810413885180246
2009-07-16,29.395973154362416
2009-07-17,55.140186915887845
2009-07-20,83.65837256220578
2009-07-21,18.351063829787233
2009-07-22,84.26294820717132
2009-07-23,63.696808510638306
2009-07-24,31.449468085106385
2009-07-27,85.46666666666667
2009-07-28,64.34724983432737
2009-07-29,6.108897742363878
2009-07-30,60.95617529880478
2009-08-03,81.75809649702578
2009-08-04,53.96301188903567
2009-08-05,53.24933687002652
2009-08-06,26.94610778443114
2009-08-07,12.51664447403462
2009-08-10,62.14046822742475
2009-08-11,63.503649635036496
2009-08-12,5.800000000000001
2009-08-13,53.35102853351028
2009-08-14,8.151093439363818
2009-08-17,3.2
2009-08-18,79.15831663326654
2009-08-19,9.145129224652088
2009-08-20,98.47581179589132
2009-08-21,95.16876240900066
2009-08-24,83.96288933068257
2009-08-25,28.183023872679048
2009-08-26,93.23607427055704
2009-08-27,66.00790513833992
2009-08-28,14.190981432360742
2009-08-31,3.2536520584329347
2009-09-01,44.5687952600395
2009-09-02,64.38896189224704
2009-09-03,99.60604070912672
2009-09-04,83.25642715886619
2009-09-07,66.62260409781891
2009-09-08,84.20703384207033
2009-09-09,52.635046113306984
2009-09-10,26.697429136453525
2009-09-11,87.35177865612648
2009-09-14,95.62913907284768
2009-09-15,62.27544910179641
2009-09-16,43.57798165137615
2009-09-17,90.90314136125654
2009-09-18,12.805280528052807
2009-09-21,65.67852437417655
2009-09-22,14.960629921259844
2009-09-23,13.66622864651774
2009-09-24,34.51443569553806
2009-09-25,31.48148148148148
2009-09-28,11.702827087442472
2009-09-29,16.990920881971466
2009-09-30,76.05725439167209
2009-10-09,99.93472584856397
2009-10-12,54.22950819672131
2009-10-13,89.40182054616385
2009-10-14,69.54545454545455
2009-10-15,53.84615384615385
2009-10-16,45.7217504898759
2009-10-19,95.46632124352331
2009-10-20,80.0
2009-10-21,29.620090148100452
2009-10-22,50.83979328165375
2009-10-23,81.0880829015544
2009-10-26,46.16384915474642
2009-10-27,13.376623376623375
2009-10-28,72.79220779220779
2009-10-29,17.09067188519243
2009-10-30,78.10499359795135
2009-11-02,96.10721123165284
2009-11-03,89.26302414231257
2009-11-04,62.82622533418205
2009-11-05,70.13487475915221
2009-11-06,53.93474088291747
2009-11-09,62.60423348300193
2009-11-10,42.25806451612903
2009-11-11,53.005115089514064
2009-11-12,55.87096774193549
2009-11-13,69.00773195876289
2009-11-16,93.16851008458035
2009-11-17,52.30179028132992
2009-11-18,52.12698412698412
2009-11-19,79.3015873015873
2009-11-20,54.406130268199234
2009-11-23,83.97965670692943
2009-11-24,6.0012634238787115
2009-11-25,96.9046114971573
2009-11-26,12.242268041237113
2009-11-27,18.007662835249043
2009-11-30,98.46938775510205
2009-12-01,94.93350221659279
2009-12-02,77.57961783439491
2009-12-03,58.890290037831015
2009-12-04,17.770700636942674
2009-12-07,84.88888888888889
2009-12-08,40.65656565656566
2009-12-09,19.305993690851736
2009-12-10,72.7042431918936
2009-12-11,39.734680985470625
2009-12-14,35.085497150094994
2009-12-15,52.87792536369387
2009-12-16,31.132075471698112
2009-12-17,9.14249684741488
2009-12-18,8.993033565547815
2009-12-21,82.36791852323361
2009-12-22,12.327044025157234
2009-12-23,89.88057825267127
2009-12-24,99.11616161616162
2009-12-29,55.01269035532995
2009-12-30,37.87396562698918
2009-12-31,72.19759341355288
2010-01-04,47.853142501555695
2010-01-05,64.73520249221184
2010-01-06,39.04109589041096
2010-01-07,14.70404984423676
2010-01-08,70.9375
2010-01-11,54.862842892768086
2010-01-12,88.24257425742574
2010-01-13,30.351634793337446
2010-01-14,95.12646514497224
2010-01-15,59.82423101067169
2010-01-18,77.27832512315271
2010-01-19,39.82683982683983
2010-01-20,10.461538461538462
2010-01-21,61.308068459657704
2010-01-22,14.644607843137255
2010-01-25,21.661538461538463
2010-01-26,7.542579075425791
2010-01-27,30.69908814589666
2010-01-28,77.96092796092796
2010-01-29,62.01219512195122
2010-02-01,32.13194868662187
2010-02-02,35.051546391752574
2010-02-03,75.98784194528876
2010-02-04,61.566265060240966
2010-02-05,18.689320388349515
2010-02-08,52.98416565164433
2010-02-09,53.11554748941318
2010-02-10,84.01442307692307
2010-02-11,37.99519807923169
2010-02-12,88.99464604402142
2010-02-22,46.55894673847995
2010-02-23,58.38845460012026
2010-02-24,94.01913875598086
2010-02-25,92.26118500604595
2010-02-26,44.29530201342282
2010-03-02,45.30018192844148
2010-03-03,73.12086590499098
2010-03-04,7.765830346475508
2010-03-05,57.13429256594724
2010-03-08,81.12305854241339
2010-03-09,47.68408551068883
2010-03-10,24.403341288782816
2010-03-11,37.566765578635014
2010-03-12,17.829457364341085
2010-03-15,31.660692951015534
2010-03-16,73.28199052132702
2010-03-17,98.63176680547294
2010-03-18,51.04602510460251
2010-03-19,72.15265354800239
2010-03-22,62.26076555023924
2010-03-23,31.85316755476613
2010-03-24,55.8649289099526
2010-03-25,27.532777115613825
2010-03-26,80.60859188544153
2010-03-29,67.79964221824687
2010-03-30,63.20191158900836
2010-03-31,49.2814371257485
2010-04-01,87.77908343125735
2010-04-02,53.6773428232503
2010-04-06,56.71200473092844
2010-04-07,52.38938053097345
2010-04-08,39.47681331747919
2010-04-09,84.00954653937947
2010-04-12,61.17084826762246
2010-04-13,27.283441367118442
2010-04-14,67.77777777777779
2010-04-15,26.13365155131265
2010-04-16,42.90931223371881
2010-04-19,7.011289364230541
2010-04-20,64.13502109704642
2010-04-21,96.99469652327637
2010-04-22,50.51051051051051
2010-04-23,34.172661870503596
2010-04-26,43.530113297555154
2010-04-27,14.201183431952662
2010-04-28,38.544152744630075
2010-04-29,12.19799646434885
2010-04-30,19.78860833822666
2010-05-04,43.337195828505216
2010-05-05,91.78321678321679
2010-05-06,8.128654970760234
2010-05-07,25.014714537963506
2010-05-10,38.452451269935025
2010-05-11,11.913145539906104
2010-05-12,29.923574368018812
2010-05-13,90.50410316529894
2010-05-14,50.55849500293945
2010-05-17,1.762632197414806
2010-05-18,69.34218467109233
2010-05-19,45.155607751027595
2010-05-20,16.14429331756357
2010-05-21,86.63484486873509
2010-05-24,99.82537834691502
2010-05-25,30.8584686774942
2010-05-26,53.64431486880466
2010-05-27,94.8584633160023
2010-05-28,48.73752201996477
2010-05-31,9.720605355064029
2010-06-01,17.647058823529413
2010-06-02,83.81932532875929
2010-06-03,28.135788262370543
2010-06-04,69.95979322228604
2010-06-07,40.13722126929674
2010-06-08,73.4553775743707
2010-06-09,92.71070615034168
2010-06-10,46.93409742120343
2010-06-11,39.108061749571185
2010-06-18,5.875509016870273
2010-06-21,94.79405034324942
2010-06-22,65.61604584527221
2010-06-23,35.79188107489995
2010-06-24,47.54376058723885
2010-06-25,14.736238532110091
2010-06-28,17.807424593967518
2010-06-29,2.023121387283237
2010-09-02,91.05378704720087
2010-09-03,57.836644591611474
2010-09-06,47.57709251101321
2010-09-07,64.02203856749311
2010-09-08,58.25082508250825
2010-09-09,22.41095890410959
2010-09-10,59.27152317880795
2010-09-13,84.54293628808864
2010-09-14,43.98249452954048
2010-09-15,18.39335180055402
2010-09-16,14.74147414741474
2010-09-17,44.87320837927233
2010-09-20,26.060606060606062
2010-09-21,47.688961392060904
2010-09-27,95.18805309734513
2010-09-28,33.947939262472886
2010-09-29,25.270562770562773
2010-10-08,95.3125
2010-10-11,63.20043103448276
2010-10-12,51.94594594594595
2010-10-13,55.741239892183295
2010-10-14,17.115177610333692
2010-10-15,43.45945945945946
2010-10-18,37.594390507011866
2010-10-19,91.56820622986037
2010-10-20,46.03004291845493
2010-10-21,54.82152370804475
2010-10-22,63.22269807280514
2010-10-25,94.58445040214477
2010-10-26,50.615961435457955
2010-10-27,32.975295381310424
2010-10-28,47.8330658105939
2010-10-29,62.56
2010-11-01,92.36111111111111
2010-11-02,37.87234042553192
2010-11-03,29.430548163916974
2010-11-04,91.28586609989372
2010-11-05,74.94669509594883
2010-11-08,85.34621578099839
2010-11-09,50.665247472059605
2010-11-10,51.65421558164355
2010-11-11,25.040042712226374
2010-11-12,5.265986029016657
2010-11-15,84.76291955247736
2010-11-16,15.946666666666667
2010-11-17,12.089077412513255
2010-11-18,82.48677248677248
2010-11-19,89.44033790918691
2010-11-22,70.09544008483563
2010-11-23,28.820729772607084
2010-11-24,94.6842105263158
2010-11-25,63.113456464379944
2010-11-26,36.61897191308956
2010-11-29,53.68309485956545
2010-11-30,13.29815303430079
2010-12-01,49.475341028331584
2010-12-02,62.434141201264495
2010-12-03,33.01536830948596
2010-12-06,21.785334750265676
2010-12-07,79.70711297071131
2010-12-08,31.968503937007874
2010-12-09,14.832285115303984
2010-12-10,84.94228751311648
2010-12-13,99.00052603892688
2010-12-14,75.33818938605619
2010-12-15,33.985200845665965
2010-12-16,45.89473684210526
2010-12-17,53.12664214398318
2010-12-20,23.637316561844866
2010-12-21,75.48353371667538
2010-12-22,25.681341719077565
2010-12-24,18.433420365535248
2010-12-27,8.012651555086979
2010-12-28,18.20552947313511
2010-12-29,87.61108207004705
2010-12-30,47.77370350969094
2010-12-31,94.51629591308847
2011-01-04,86.48509763617677
2011-01-05,47.41468459152017
2011-01-06,37.654958677685954
2011-01-07,41.649484536082475
2011-01-10,10.767645543534261
2011-01-11,36.39159405433111
2011-01-12,68.89460154241645
2011-01-13,41.31214761660687
2011-01-14,15.128205128205128
2011-01-17,6.365503080082135
2011-01-18,61.802355350742445
2011-01-19,97.54977029096477
2011-01-20,7.494866529774128
2011-01-21,72.18237704918032
2011-01-24,19.855967078189302
2011-01-25,27.82874617737003
2011-01-26,92.57932446264073
2011-01-27,86.44501278772378
2011-01-28,72.76899541050484
2011-01-31,81.71603677221655
2011-02-01,48.4437751004016
2011-02-09,32.98139768728004
2011-02-10,96.62298387096774
2011-02-11,72.01625190452006
2011-02-14,91.81910569105692
2011-02-15,37.47464503042596
2011-02-16,88.99036022323693
2011-02-17,50.251762336354474
2011-02-18,27.707168276563294
2011-02-21,91.7933130699088
2011-02-22,11.526794742163801
2011-02-23,77.8899545683998
2011-02-24,64.85943775100401
2011-02-25,45.974683544303794
2011-02-28,81.62436548223351
2011-03-01,55.94581033617661
2011-03-02,37.868934467233615
2011-03-03,19.121318022965553
2011-03-04,85.00749625187406
2011-03-07,78.72233400402415
2011-03-08,57.607607607607605
2011-03-09,45.82708645677162
2011-03-10,34.449999999999996
2011-03-11,37.512537612838514
2011-03-14,67.0523138832998
2011-03-15,23.34669338677355
2011-03-16,78.20641282565131
2011-03-17,16.891554222888555
2011-03-18,71.52988855116514
2011-03-21,38.43434343434343
2011-03-22,45.16290726817043
2011-03-23,84.80759620189905
2011-03-24,47.21669980119284
2011-03-25,64.49348044132397
2011-03-28,41.36363636363637
2011-03-29,23.10379241516966
2011-03-30,31.003494757863205
2011-03-31,33.06653326663332
2011-04-01,82.96703296703298
2011-04-06,47.230614300100704
2011-04-07,65.94892338507762
2011-04-08,76.21483375959079
2011-04-11,28.179551122194514
2011-04-12,46.4859437751004
2011-04-13,78.7954206072673
2011-04-14,35.827552031714575
2011-04-15,43.52278545826933
2011-04-18,51.24428643981717
2011-04-19,28.809283551967706
2011-04-20,66.95475343162175
2011-04-21,62.726358148893354
2011-04-22,35.07424475166411
2011-04-25,17.926890335503252
2011-04-26,23.44139650872818
2011-04-27,26.258096661684107
2011-04-28,7.4185463659147866
2011-04-29,84.3
2011-05-03,85.3910477127398
2011-05-04,12.246913580246915
2011-05-05,64.21471172962227
2011-05-06,61.488185017596784
2011-05-13,70.88989441930619
2011-05-16,43.65634365634365
2011-05-17,43.579573624194346
2011-05-18,64.56211812627292
2011-05-19,30.138339920948614
2011-05-20,33.89484430832057
2011-05-23,5.41871921182266
2011-05-24,51.727493917274934
2011-05-26,28.269419862340218
2011-05-27,13.41222879684418
2011-05-30,24.742268041237114
2011-05-31,92.50243427458618
2011-06-01,78.66149369544132
2011-06-02,17.102713178294575
2011-06-03,92.23300970873787
2011-06-07,74.97575169738118
2011-06-08,52.86063569682151
2011-06-09,9.378036929057338
2011-06-10,50.219833903273084
2011-06-13,40.706679574056146
2011-06-14,89.75468975468975
2011-06-15,19.593613933236576
2011-06-16,9.63680387409201
2011-06-17,16.32061805890874
2011-06-20,26.702334630350194
2011-06-21,87.51814223512336
2011-06-22,36.698564593301434
2011-06-23,94.27333974975939
2011-06-24,96.60029140359397
2011-06-27,81.98937711250603
2011-06-28,48.08901790033865
2011-06-29,16.7644183773216
2011-06-30,90.625
2011-07-01,60.143884892086334
2011-07-04,98.55630413859481
2011-07-05,62.12847555129435
2011-07-06,51.59752026704817
2011-07-07,43.75
2011-07-08,39.504997620180866
2011-07-11,68.4688995215311
2011-07-12,15.716999050332383
2011-07-13,97.0532319391635
2011-07-14,73.08056872037915
2011-07-15,62.45831348261077
2011-07-18,44.47632711621234
2011-07-19,20.340586565752126
2011-07-20,50.73774393146121
2011-07-21,18.94336030461685
2011-07-22,61.90023752969122
2011-07-25,4.418052256532066
2011-07-26,63.361661945231354
2011-07-27,91.00856327307326
2011-07-28,34.80113636363637
2011-07-29,26.9267364414843
2011-08-01,67.15779467680608
2011-08-02,32.84499054820416
2011-08-03,54.3046357615894
2011-08-04,59.08662900188324
2011-08-05,12.393162393162394
2011-08-08,5.555555555555555
2011-08-09,34.80300187617261
2011-08-10,86.57276995305165
2011-08-11,91.33489461358315
2011-08-12,78.08219178082192
2011-08-15,88.38193791157103
2011-08-16,25.364020666979805
2011-08-18,12.158341187558905
2011-08-19,26.08286252354049
2011-08-22,40.2536402066698
2011-08-23,93.49859681945743
2011-08-24,39.653558052434455
2011-08-25,88.38951310861424
2011-08-26,55.70626753975678
2011-08-29,28.52474323062558
2011-08-30,19.60875640428505
2011-08-31,33.442622950819676
2011-09-01,29.250116441546343
2011-09-05,8.971348050728041
2011-09-06,31.85882352941177
2011-09-07,97.90405216581276
2011-09-08,17.01927597555242
2011-09-09,34.85204321277595
2011-09-13,15.636704119850187
2011-09-14,86.1409239384041
2011-09-15,45.7451810061119
2011-09-16,41.39556812824139
2011-09-19,9.455053563111319
2011-09-20,68.8631090487239
2011-09-21,99.2626728110599
2011-09-22,5.552984729291994
2011-09-23,26.96577243293247
2011-09-26,12.180381218038121
2011-09-27,68.1313598519889
2011-09-28,12.18274111675127
2011-09-29,6.830855018587361
2011-09-30,45.914577530176416
2011-10-10,35.777673984119566
2011-10-11,49.19093851132686
2011-10-12,99.07663896583564
2011-10-13,86.28808864265928
2011-10-14,28.305400372439475
2011-10-17,55.71628558096127
2011-10-18,6.4156206415620645
2011-10-19,35.91516828031351
2011-10-20,7.724137931034483
2011-10-21,16.789328426862927
2011-10-24,86.04118993135012
2011-10-25,98.25447864033073
2011-10-26,70.0
2011-10-27,46.40221402214022
2011-10-28,95.81416743330267
2011-10-31,61.187845303867405
2011-11-01,43.04666056724611
2011-11-02,89.27589367552704
2011-11-03,59.43223443223443
2011-11-04,70.39413382218149
2011-11-07,34.439834024896264
2011-11-08,19.53017042837402
2011-11-09,89.34993084370679
2011-11-10,21.65664044423878
2011-11-11,44.00557620817844
2011-11-14,98.46796657381616
2011-11-15,61.778398510242084
2011-11-16,6.507791017415215
2011-11-17,45.896377808344795
2011-11-18,7.1065989847715745
2011-11-21,54.7838086476541
2011-11-22,39.59670027497709
2011-11-23,29.178082191780824
2011-11-24,38.2716049382716
2011-11-25,24.509356458238248
2011-11-28,47.12379199263691
2011-11-29,88.345521023766
2011-11-30,3.7173015144561727
2011-12-01,94.19030192131747
2011-12-02,13.132694938440492
2011-12-05,6.489945155393053
2011-12-07,59.3536640873919
2011-12-08,46.42694583522986
2011-12-09,20.79343365253078
2011-12-12,17.205279927173418
2011-12-13,6.3887630267331215
2011-12-14,13.644605621033545
2011-12-15,12.608497030607582
2011-12-16,93.4493815849748
2011-12-19,46.25228519195612
2011-12-20,36.17700729927007
2011-12-21,6.9438099588853355
2011-12-22,21.943430656934307
2011-12-23,74.82900136798905
2011-12-26,27.27272727272727
2011-12-27,6.67878237164925
2011-12-28,33.470884915176526
2011-12-29,44.26605504587156
2011-12-30,94.11496350364963
2012-01-04,8.563661078386952
2012-01-05,5.866302864938609
2012-01-06,64.71119133574007
2012-01-09,98.86826618379358
2012-01-20,84.18918918918918
2012-01-30,33.752808988764045
2012-01-31,46.669666966696674
2012-02-01,27.705433318365515
2012-02-02,95.990990990991
2012-02-03,90.94612947034857
2012-02-06,68.48758465011286
2012-02-07,10.70944419340262
2012-02-08,99.09255898366605
2012-02-10,60.16260162601627
2012-02-13,77.91741472172352
2012-02-14,42.433767400089806
2012-02-15,94.32687978388114
2012-02-16,37.37646001796946
2012-02-17,29.387938793879385
2012-02-20,47.45151105096978
2012-02-21,84.93948901837742
2012-02-22,96.50224215246637
2012-02-23,47.52920035938904
2012-02-24,82.95863309352518
2012-02-27,41.38863841298467
2012-02-28,30.018001800180016
2012-02-29,16.591928251121075
2012-03-01,67.42627345844504
2012-03-02,97.04168534289556
2012-03-05,45.17720951099148
2012-03-06,24.506283662477557
2012-03-07,31.09318996415771
2012-03-08,90.30384271671134
2012-03-09,87.86101083032491
2012-03-12,58.546433378196504
2012-03-13,75.25681107637338
2012-03-14,5.117935024477081
2012-03-15,27.052489905787347
2012-03-16,95.00674763832659
2012-03-19,80.66964285714285
2012-03-20,9.344115004492364
2012-03-21,52.107623318385656
2012-03-22,40.5706642888988
2012-03-23,12.320788530465949
2012-03-26,42.43509400179051
2012-03-27,41.370106761565836
2012-03-28,3.257474341811691
2012-03-29,16.131907308377897
2012-03-30,41.951438848920866
2012-04-05,97.62651141961487
2012-04-06,65.1978417266187
2012-04-09,21.735241502683365
2012-04-10,78.3917340521114
2012-04-11,53.37777777777778
2012-04-12,93.85925593904079
2012-04-13,68.03571428571429
2012-04-16,44.26008968609865
2012-04-17,18.17773788150808
2012-04-18,95.06116900770276
2012-04-19,41.70058796924469
2012-04-20,72.50348351137947
2012-04-23,20.272108843537413
2012-04-24,27.47887950200089
2012-04-25,75.02242152466367
2012-04-26,37.47747747747748
2012-04-27,38.125568698817105
2012-05-02,79.96446023989337
2012-05-03,57.219013771657046
2012-05-04,71.3716814159292
2012-05-07,64.4474034620506
2012-05-08,46.3996399639964
2012-05-09,15.644444444444444
2012-05-10,58.91647855530474
2012-05-11,29.46750902527076
2012-05-14,36.786188579017264
2012-05-15,38.02060008956561
2012-05-16,17.328519855595665
2012-05-17,87.71148708815673
2012-05-18,17.23034734917733
2012-05-21,42.61640798226164
2012-05-22,88.92825509300266
2012-05-24,27.32049036777583
2012-05-25,19.3649373881932
2012-05-28,74.36459246275197
2012-05-29,88.86933567971843
2012-05-30,50.941743320192735
2012-05-31,51.28877238968982
2012-06-01,38.659120592076626
2012-06-04,5.623365300784656
2012-06-05,43.3609055289508
2012-06-06,36.09286027157249
2012-06-07,28.37896566710126
2012-06-08,37.78558875219684
2012-06-11,91.98955158902918
2012-06-12,29.17748917748918
2012-06-13,94.8905109489051
2012-06-14,25.989672977624785
2012-06-15,50.85041430440471
2012-06-18,81.86573670444638
2012-06-19,26.238690219732874
2012-06-20,42.342733188720175
2012-06-21,16.76802780191138
2012-06-25,9.246275197195443
2012-06-26,50.54277029960921
2012-06-27,32.84292514063176
2012-06-28,18.4811237928007
2012-06-29,82.26795096322242
2012-07-02,76.42520360051435
2012-07-03,52.90350128095645
2012-07-04,33.54755784061697
2012-07-05,12.40343347639485
2012-07-06,86.68956633748391
2012-07-09,10.665529010238908
2012-07-10,28.005115089514064
2012-07-11,71.75669927690345
2012-07-12,82.17021276595744
2012-07-13,24.702380952380953
2012-07-16,5.792163543441227
2012-07-17,74.82993197278913
2012-07-18,69.47637292464879
2012-07-19,79.38671209540034
2012-07-20,27.458492975734355
2012-07-23,24.31856899488927
2012-07-24,74.02044293015332
2012-07-25,26.581740976645435
2012-07-26,22.236340533672173
2012-07-27,39.50826621449767
2012-07-30,13.686440677966102
2012-07-31,19.627749576988155
2012-08-01,89.94932432432432
2012-08-02,28.099873042742278
2012-08-03,94.51476793248945
2012-08-06,97.25042301184433
2012-08-07,72.51585623678648
2012-08-08,33.15033783783784
2012-08-09,85.43689320388349
2012-08-10,35.596794601434
2012-08-13,10.932883073026593
2012-08-14,72.80405405405406
2012-08-15,19.35075885328836
2012-08-16,27.360876897133217
2012-08-17,52.800000000000004
2012-08-20,52.23440134907251
2012-08-21,89.66244725738397
2012-08-22,27.95608108108108
2012-08-23,71.53130287648054
2012-08-24,10.890671169269735
2012-08-27,13.426514188903008
2012-08-28,73.76006782534972
2012-08-29,34.44632290786137
2012-08-30,19.307139839459232
2012-08-31,60.481825866441255
2012-09-03,90.67116926973407
2012-09-04,22.624053826745165
2012-09-05,65.67352077213596
2012-09-06,82.15785054575987
2012-09-07,98.36065573770492
2012-09-10,69.97060058798824
2012-09-11,32.89915966386555
2012-09-12,64.04023470243084
2012-09-13,13.944723618090451
2012-09-14,50.3572929802438
2012-09-17,5.03989920201596
2012-09-18,37.54194630872483
2012-09-19,78.0948384389425
2012-09-20,4.194630872483222
2012-09-21,29.63583089158644
2012-09-24,65.07136859781696
2012-09-25,22.59554808903822
2012-09-26,6.305170239596469
2012-09-27,96.35373009220453
2012-09-28,94.63312368972746
2012-10-08,36.41327173456531
2012-10-09,99.11949685534591
2012-10-10,77.428810720268
2012-10-11,11.092507325240685
2012-10-12,42.486395981582255
2012-10-15,27.097315436241608
2012-10-16,54.731993299832496
2012-10-17,55.60669456066945
2012-10-18,93.72909698996655
2012-10-19,37.39565943238731
2012-10-22,60.934891485809686
2012-10-23,18.416666666666668
2012-10-24,38.965373383395914
2012-10-25,22.41235392320534
2012-10-26,12.08837015423093
2012-10-29,41.833333333333336
2012-10-30,53.833333333333336
2012-10-31,60.150062526052515
2012-11-01,95.0
2012-11-02,60.42446941323346
2012-11-05,35.72321800750313
2012-11-06,23.009587328053353
2012-11-07,41.850771154647774
2012-11-08,6.6167290886392
2012-11-09,40.40782355389097
2012-11-12,75.04166666666666
2012-11-13,10.029130253849356
2012-11-14,56.78601165695254
2012-11-15,9.733777038269551
2012-11-16,33.72189841798502
2012-11-19,67.63848396501457
2012-11-20,33.097123801584
2012-11-21,84.38150770512286
2012-11-22,16.055045871559635
2012-11-23,56.24217118997912
2012-11-26,16.116910229645093
2012-11-27,3.928123694107814
2012-11-28,11.774530271398747
2012-11-29,18.413361169102295
2012-11-30,87.56281407035176
2012-12-03,10.234899328859061
2012-12-04,81.42557651991615
2012-12-05,99.4964330675619
2012-12-06,33.80753138075313
2012-12-07,97.06375838926175
2012-12-10,93.48465741908365
2012-12-11,19.78206202849958
2012-12-12,38.44863731656184
2012-12-13,14.783704325913483
2012-12-14,99.79035639412997
2012-12-17,64.81947942905121
2012-12-18,31.234256926952142
2012-12-19,56.87919463087249
2012-12-20,50.58626465661642
2012-12-21,45.79321892005023
2012-12-24,60.31879194630873
2012-12-25,97.77497900923593
2012-12-26,86.1344537815126
2012-12-27,21.956339210747274
2012-12-28,80.08403361344538
2012-12-31,67.03020134228188
2013-01-04,33.12395309882747
2013-01-07,73.64438839848675
2013-01-08,70.09267059814658
2013-01-09,43.73423044575273
2013-01-10,57.61924862811313
2013-01-11,15.18987341772152
2013-01-14,99.24242424242425
2013-01-15,84.99789296249473
2013-01-16,36.40960809102402
2013-01-17,24.146649810366625
2013-01-18,88.05719091673674
2013-01-21,63.30390920554855
2013-01-22,16.72254819782062
2013-01-23,42.95302013422819
2013-01-24,11.283557046979865
2013-01-25,45.06094997898277
2013-01-28,96.0421052631579
2013-01-29,70.06315789473683
2013-01-30,44.17822614543926
2013-01-31,35.63941299790356
2013-02-01,62.59958071278826
2013-02-04,32.52305113160101
2013-02-05,72.13389121338912
2013-02-06,56.7182921724571
2013-02-07,51.192967768940974
2013-02-08,84.18643362463587
2013-02-18,62.51561849229488
2013-02-19,17.362270450751254
2013-02-20,91.15561118064247
2013-02-21,16.263552960800666
2013-02-22,37.118997912317326
2013-02-25,74.08026755852842
2013-02-26,18.93021312160468
2013-02-27,50.43877977434184
2013-02-28,91.7189460476788
2013-03-01,70.38123167155426
2013-03-04,10.298444724674233
2013-03-05,93.91267842149455
2013-03-06,83.45927791771621
2013-03-07,29.315413691726167
2013-03-08,29.278523489932883
2013-03-11,49.371332774518024
2013-03-12,10.184409052808046
2013-03-13,27.67295597484277
2013-03-14,51.549413735343386
2013-03-15,48.722245496439044
2013-03-18,22.5251677852349
2013-03-19,61.43872856545378
2013-03-20,97.07112970711297
2013-03-21,70.55625261396905
2013-03-22,50.690087829360095
2013-03-25,43.90243902439025
2013-03-26,28.235294117647058
2013-03-27,51.7632241813602
2013-03-28,8.578637510513037
2013-03-29,46.90526315789474
2013-04-01,66.70864819479429
2013-04-02,26.335717290702565
2013-04-03,27.586206896551722
2013-04-08,46.312684365781706
2013-04-09,77.19814892721918
2013-04-10,33.964646464646464
2013-04-11,32.94068153134202
2013-04-12,24.410774410774412
2013-04-15,20.622895622895623
2013-04-16,77.55359394703657
2013-04-17,64.99578770008425
2013-04-18,49.915611814345986
2013-04-19,96.07760438633488
2013-04-22,54.63743676222597
2013-04-23,6.95322376738306
2013-04-24,92.1973850695909
2013-04-25,18.802698145025296
2013-04-26,15.124630333755809
2013-05-02,58.985200845665965
2013-05-03,93.31932773109244
2013-05-06,90.9587888982338
2013-05-07,47.249055018899625
2013-05-08,67.01724863273033
2013-05-09,41.87316253674926
2013-05-10,67.01680672268907
2013-05-13,50.16877637130802
2013-05-14,21.028234302570585
2013-05-15,77.42207245155855
2013-05-16,68.40995360607339
2013-05-17,83.15033783783784
2013-05-20,80.7708598051673
2013-05-21,74.31347697507394
2013-05-22,29.84381595609962
2013-05-23,28.48101265822785
2013-05-24,83.26289095519864
2013-05-27,61.906779661016955
2013-05-28,49.70338983050848
2013-05-29,60.727888277613204
2013-05-30,44.12013536379018
2013-05-31,29.75031739314431
2013-06-03,33.89830508474576
2013-06-04,14.16490486257928
2013-06-05,59.56006768189509
2013-06-06,14.539306846999157
2013-06-07,18.771186440677965
2013-06-13,12.085106382978724
2013-06-14,89.08704883227176
2013-06-17,47.911338448422846
2013-06-18,52.8534923339012
2013-06-19,31.957446808510635
2013-06-20,5.159914712153518
2013-06-21,30.906768837803323
2013-06-24,2.9812606473594547
2013-06-25,36.626916524701876
2013-06-26,75.92671495526203
2013-06-27,20.1616333475117
2013-06-28,43.50042480883602
2013-07-01,84.85362749257531
2013-07-02,77.89563003818412
2013-07-03,34.57627118644068
2013-07-04,66.85082872928176
2013-07-05,35.529111772205695
2013-07-08,7.921635434412266
2013-07-09,62.71836386876865
2013-07-10,96.08343976160069
2013-07-11,94.22014449638759
2013-07-12,29.451763705907354
2013-07-15,88.84156729131175
2013-07-16,72.98679164891351
2013-07-17,19.378194207836458
2013-07-18,38.35324232081911
2013-07-19,13.696299447043812
2013-07-22,80.05126014523708
2013-07-23,95.13236549957301
2013-07-24,49.18872758326217
2013-07-25,21.66311300639659
2013-07-26,39.65002134016218
2013-07-29,19.513236549957302
2013-07-30,51.74914675767918
2013-07-31,56.114188325521944
2013-08-01,97.3145780051151
2013-08-02,50.935374149659864
2013-08-05,86.78601875532821
2013-08-06,67.61945392491468
2013-08-07,24.978614200171087
2013-08-08,49.5291095890411
2013-08-09,53.41880341880342
2013-08-12,80.82191780821918
2013-08-13,62.99785867237687
2013-08-14,31.907613344739094
2013-08-15,21.822849807445444
2013-08-16,12.23267750213858
2013-08-19,89.67437874892887
2013-08-20,39.58155422715628
2013-08-21,65.2452025586354
2013-08-22,43.29632792485055
2013-08-23,30.575692963752665
2013-08-26,92.16020451640392
2013-08-27,62.28668941979522
2013-08-28,29.461998292058073
2013-08-29,44.41126279863481
2013-08-30,31.175468483816015
2013-09-02,67.0081092616304
2013-09-03,83.56747552149851
2013-09-04,39.82978723404255
2013-09-05,43.433914152146194
2013-09-09,68.64081806561569
2013-09-10,62.164465274818916
2013-09-11,36.231884057971016
2013-09-12,49.039692701664535
2013-09-13,51.77274668944896
2013-09-16,47.20205040580948
2013-09-17,17.634500426985483
2013-09-18,71.43467122117848
2013-09-23,91.363830696879
2013-09-24,40.80239009816475
2013-09-25,30.996152201795642
2013-09-26,19.444444444444446
2013-09-27,51.449275362318836
2013-09-30,76.90344534240748
2013-10-08,82.49043773905652
2013-10-09,67.26266496381439
2013-10-10,30.739795918367346
2013-10-11,79.68550786230344
2013-10-14,64.27962489343564
2013-10-15,41.91897654584222
2013-10-16,13.407344150298888
2013-10-17,51.64319248826291
2013-10-18,58.32978270132083
2013-10-21,93.89671361502347
2013-10-22,35.29662825437473
2013-10-23,15.083084789092457
2013-10-24,33.900467886005956
2013-10-25,19.16987590928541
2013-10-28,47.62921828278513
2013-10-29,14.035836177474403
2013-10-30,86.87686408180656
2013-10-31,33.4330910645575
2013-11-01,41.70940170940171
2013-11-04,66.40959725792631
2013-11-05,75.75887131252672
2013-11-06,26.239316239316242
2013-11-07,20.632208457923966
2013-11-08,18.96845694799659
2013-11-11,70.11543394613082
2013-11-12,76.68371696504688
2013-11-13,13.651877133105803
2013-11-14,80.12820512820514
2013-11-15,93.11965811965813
2013-11-18,92.9704243463352
2013-11-19,48.77944325481799
2013-11-20,67.86632390745501
2013-11-21,32.63293310463122
2013-11-22,34.03523850451225
2013-11-25,45.29437043403524
2013-11-26,53.885787891799055
2013-11-27,78.04982817869416
2013-11-28,66.88172043010752
2013-11-29,60.40412725709372
2013-12-02,7.05073086844368
2013-12-03,83.48348348348348
2013-12-04,81.26072041166381
2013-12-05,45.62607204116638
2013-12-06,40.84869267038148
2013-12-09,69.50171821305841
2013-12-10,44.2967409948542
2013-12-11,23.159246575342465
2013-12-12,58.000858000858
2013-12-13,55.036433776253745
2013-12-16,18.224699828473415
2013-12-17,33.118833118833116
2013-12-18,45.76708207993124
2013-12-19,22.54186346071275
2013-12-20,20.051413881748072
2013-12-23,36.85113685113685
2013-12-24,72.65725288831835
2013-12-25,81.0012836970475
2013-12-26,14.621633176571184
2013-12-27,91.06073567151411
2013-12-30,56.81915348439504
2013-12-31,54.57656116338752
2014-01-02,64.1880341880342
2014-01-03,29.802744425385935
2014-01-06,9.562607204116638
2014-01-07,62.130937098844676
2014-01-08,48.049721388769825
2014-01-09,18.123393316195372
2014-01-10,20.00858737655646
2014-01-13,46.52061855670103
2014-01-14,91.23711340206185
2014-01-15,57.106054100472306
2014-01-16,50.236559139784944
2014-01-17,22.207903780068726
2014-01-20,33.46203346203346
2014-01-21,86.73208191126281
2014-01-22,93.31345826235093
2014-01-23,51.781170483460556
2014-01-24,78.99195256247353
2014-01-27,32.967032967032964
2014-01-28,41.119528619528616
2014-01-29,62.841530054644814
2014-01-30,28.888888888888886
2014-02-07,82.49370277078086
2014-02-10,95.57894736842105
2014-02-11,52.97092288242731
2014-02-12,72.21052631578947
2014-02-13,18.715673848753696
2014-02-14,90.55084745762711
2014-02-17,85.95672464997878
2014-02-18,38.31141281289775
2014-02-19,48.56054191363251
2014-02-20,22.727272727272727
2014-02-21,35.889830508474574
2014-02-24,48.792884371029224
2014-02-25,8.086367485182048
2014-02-26,61.884550084889646
2014-02-27,24.862346463362982
2014-02-28,73.13054499366287
2014-03-03,87.35194585448393
2014-03-04,40.54852320675105
2014-03-05,36.12984822934233
2014-03-06,47.60897164621244
2014-03-07,36.12521150592217
2014-03-10,7.900295732995352
2014-03-11,55.0761421319797
2014-03-12,47.352816603134265
2014-03-13,79.28692699490662
2014-03-14,36.26326963906582
2014-03-17,91.16397621070517
2014-03-18,52.58913412563667
2014-03-19,47.11129991503824
2014-03-20,10.606703436571914
2014-03-21,87.46813933729821
2014-03-24,62.83639470311832
2014-03-25,48.165529010238906
2014-03-26,51.21638924455826
2014-03-27,16.666666666666664
2014-03-28,19.940222032450897
2014-03-31,38.83161512027492
2014-04-01,88.6168384879725
2014-04-02,42.43336199484093
2014-04-03,47.19004719004719
2014-04-04,83.5117773019272
2014-04-08,79.13267496779733
2014-04-09,69.87537602062743
2014-04-10,51.50602409638554
2014-04-11,34.39792835563228
2014-04-14,67.87721573713792
2014-04-15,27.74891774891775
2014-04-16,50.32509752925878
2014-04-17,43.896103896103895
2014-04-18,56.57439446366782
2014-04-21,16.529284164859
2014-04-22,32.76983094928478
2014-04-23,40.6398616515348
2014-04-24,24.967546516659457
2014-04-25,13.133940182054616
2014-04-28,9.681639773222853
2014-04-29,85.21739130434783
2014-04-30,70.84598698481562
2014-05-05,75.76153176675369
2014-05-06,63.56521739130435
2014-05-07,14.273318872017354
2014-05-08,51.2396694214876
2014-05-09,29.429690901175448
2014-05-12,95.25054466230937
2014-05-13,40.25239338555265
2014-05-14,41.702867072111204
2014-05-15,11.328125
2014-05-16,47.48045178105995
2014-05-19,33.854845719252495
2014-05-20,57.9175704989154
2014-05-21,82.70317253368101
2014-05-22,36.383347788378146
2014-05-23,80.859375
2014-05-26,79.54743255004352
2014-05-27,26.64059104737071
2014-05-28,80.73075250108744
2014-05-29,16.789908655937364
2014-05-30,51.30548302872062
2014-06-03,41.010013060513714
2014-06-04,23.71850564726325
2014-06-05,85.83260680034873
2014-06-06,32.781168265039234
2014-06-09,29.537521815008727
2014-06-10,87.24978241949522
2014-06-11,57.385620915032675
2014-06-12,33.88646288209607
2014-06-13,81.44420131291028
2014-06-16,64.88850021862702
2014-06-17,19.930374238468232
2014-06-18,25.79520697167756
2014-06-19,6.840958605664488
2014-06-20,79.96523250760539
2014-06-23,73.15904139433552
2014-06-24,70.73913043478261
2014-06-25,31.921397379912662
2014-06-26,88.12745525971192
2014-06-27,67.13164777680906
2014-06-30,70.9043250327654
2014-07-01,59.25119721375708
2014-07-02,58.00433839479393
2014-07-03,60.383108402263815
2014-07-04,38.80401571366215
2014-07-07,44.483209768861755
2014-07-08,60.880941997383346
2014-07-09,16.09245529873528
2014-07-10,52.617801047120416
2014-07-11,74.03846153846155
2014-07-14,82.6334208223972
2014-07-16,28.371890004364907
2014-07-17,37.81181619256018
2014-07-18,50.677151594582796
2014-07-21,36.00877192982456
2014-07-22,84.83121437965805
2014-07-23,25.54585152838428
2014-07-24,46.52989960715845
2014-07-25,79.30283224400871
2014-07-28,93.54838709677419
2014-07-29,72.95296167247388
2014-07-30,53.17944250871081
2014-07-31,70.97613882863341
2014-08-01,20.147313691507797
2014-08-04,90.59384482011271
2014-08-05,63.8095238095238
2014-08-06,49.76159514521023
2014-08-07,20.744911216977048
2014-08-08,69.59342560553632
2014-08-11,90.9090909090909
2014-08-12,53.535791757049886
2014-08-13,41.659426585577755
2014-08-14,29.713292788879237
2014-08-15,82.55965292841648
2014-08-18,85.74542284219704
2014-08-19,49.69591659426585
2014-08-20,42.33608336951802
2014-08-21,42.077922077922075
2014-08-22,65.8156642146257
2014-08-25,29.80477223427332
2014-08-26,13.820078226857888
2014-08-27,60.99044309296264
2014-08-28,27.973856209150327
2014-08-29,83.47107438016529
2014-09-01,92.50544662309368
2014-09-02,92.73913043478261
2014-09-03,68.21537125488494
2014-09-04,72.07481513701609
2014-09-05,55.449826989619375
2014-09-09,57.714037375054325
2014-09-10,57.2419774501301
2014-09-11,38.685813751087906
2014-09-12,80.62418725617685
2014-09-15,69.41789748045178
2014-09-16,8.387657540199914
2014-09-17,67.99653078924544
2014-09-18,64.40972222222221
2014-09-19,72.04861111111111
2014-09-22,24.02965547317924
2014-09-23,85.53376906318083
2014-09-24,85.32868959512408
2014-09-25,36.9518019973947
2014-09-26,55.88235294117647
2014-09-29,74.71763683753258
2014-09-30,61.71403962101637
2014-10-08,76.85305591677503
2014-10-09,44.055339386078685
2014-10-10,31.28515794028559
2014-10-13,43.23030039181541
2014-10-14,36.027813993915686
2014-10-15,55.51215277777778
2014-10-16,18.855656697009103
2014-10-17,26.438771094764174
2014-10-20,83.54922279792746
2014-10-21,27.657735522904066
2014-10-22,20.310478654592497
2014-10-23,18.79601559116501
2014-10-24,56.85850281263522
2014-10-27,70.93980077955825
2014-10-28,98.31460674157303
2014-10-29,84.90238611713666
2014-10-30,43.86343993085566
2014-10-31,44.458818456231135
2014-11-03,72.03280103582217
2014-11-04,34.56736978045631
2014-11-05,42.593387720051524
2014-11-06,65.86517818806354
2014-11-07,24.068522483940043
2014-11-10,68.9299527288354
2014-11-11,10.815450643776824
2014-11-12,88.20754716981132
2014-11-13,24.4206008583691
2014-11-14,42.94899271324475
2014-11-17,76.53149266609147
2014-11-18,56.78002582866982
2014-11-19,60.09490940465919
2014-11-20,38.591916558018255
2014-11-21,77.81155015197568
2014-11-24,74.45604873803308
2014-11-25,80.16528925619835
2014-11-26,52.455454150369405
2014-11-27,57.940663176265275
2014-11-28,39.61689159773618
2014-12-01,30.823117338003502
2014-12-02,80.74912891986062
2014-12-03,63.32899869960988
2014-12-04,75.11940946591402
2014-12-05,15.447858070099524
2014-12-08,48.65217391304348
2014-12-09,7.942708333333333
2014-12-10,96.66810904370402
2014-12-11,74.81609692773691
2014-12-12,69.14113077255071
2014-12-15,77.77777777777779
2014-12-16,33.90557939914164
2014-12-17,21.974248927038627
2014-12-18,37.34368262181975
2014-12-19,24.967602591792655
2014-12-22,13.174946004319654
2014-12-23,34.36826218197499
2014-12-24,84.18323249783924
2014-12-25,78.50668968493741
2014-12-26,53.776435045317214
2014-12-29,22.428694900605013
2014-12-30,24.003429061294472
2014-12-31,72.51712328767124
2015-01-05,68.40977282468924
2015-01-06,76.15780445969125
2015-01-07,38.125802310654684
2015-01-08,38.34618680377035
2015-01-09,24.517788255465067
2015-01-12,25.59038213825676
2015-01-13,81.04041272570937
2015-01-14,32.387096774193544
2015-01-15,70.79378774805866
2015-01-16,76.02062741727546
2015-01-19,16.40051791109193
2015-01-20,97.84203711696159
2015-01-21,90.3837861147046
2015-01-22,80.37865748709122
2015-01-23,24.978503869303527
2015-01-26,89.43298969072166
2015-01-27,52.850407201028716
2015-01-28,34.5004269854825
2015-01-29,30.73316283034953
2015-01-30,26.3000852514919
2015-02-02,39.86313088109495
2015-02-03,87.24402730375427
2015-02-04,32.82116944088775
2015-02-05,30.0
2015-02-06,15.055603079555175
2015-02-09,36.41420624732563
2015-02-10,78.10094097519247
2015-02-11,75.06393861892583
2015-02-12,70.37037037037037
2015-02-13,87.31914893617021
2015-02-16,88.03056027164686
2015-02-17,54.27852348993289
2015-02-25,42.08754208754209
2015-02-26,71.67508417508418
2015-02-27,66.80689945309213
2015-03-02,86.27533783783784
2015-03-03,32.826362484157166
2015-03-04,80.48162230671736
2015-03-05,50.445103857566764
2015-03-06,30.22467147096227
2015-03-09,75.6159728122345
2015-03-10,68.54838709677419
2015-03-11,37.3728813559322
2015-03-12,38.94781501909206
2015-03-13,80.1107325383305
2015-03-16,98.80341880341881
2015-03-17,68.66182129115006
2015-03-18,86.39658848614073
2015-03-19,54.27350427350427
2015-03-20,60.17887563884157
2015-03-23,91.05308219178082
2015-03-24,40.41826717883056
2015-03-25,57.820512820512825
2015-03-26,35.732647814910024
2015-03-27,68.32191780821918
2015-03-30,64.39655172413794
2015-03-31,44.72555746140652
2015-04-01,93.99656946826758
2015-04-02,80.22355975924333
2015-04-03,73.18220701454234
2015-04-07,82.46445497630332
2015-04-08,28.897502153316108
2015-04-09,28.11418685121107
2015-04-10,88.63930885529157
2015-04-13,81.28781331028522
2015-04-14,42.94954721862872
2015-04-15,14.019097222222221
2015-04-16,68.34563612679115
2015-04-17,56.62337662337662
2015-04-20,25.064935064935064
2015-04-21,95.29969814575247
2015-04-22,94.25385934819897
2015-04-23,56.40478223740393
2015-04-24,40.65559812686249
2015-04-27,59.37101572460689
2015-04-28,16.320474777448073
2015-04-29,86.33093525179856
2015-04-30,46.33319203052141
2015-05-04,59.148936170212764
2015-05-05,17.60683760683761
2015-05-06,31.639624252775405
2015-05-07,29.180887372013654
2015-05-08,97.26612558735583
2015-05-11,99.32001699957502
2015-05-12,74.27966101694915
2015-05-13,56.571671629094
2015-05-14,56.86941726924712
2015-05-15,36.90224291155311
2015-05-18,71.5561224489796
2015-05-19,83.63095238095238
2015-05-20,69.5246179966044
2015-05-21,89.76210705182667
2015-05-22,65.01706484641639
2015-05-25,82.29974160206717
2015-05-26,94.50643776824035
2015-05-27,57.02054794520548
2015-05-28,12.060085836909872
2015-05-29,57.345360824742265
2015-06-01,95.15570934256056
2015-06-02,87.0073624945864
2015-06-03,48.07108799306459
2015-06-04,35.65254969749352
2015-06-05,67.73495019488956
2015-06-08,35.71740078499782
2015-06-09,49.717268377555456
2015-06-10,78.04772234273318
2015-06-11,70.35436473638721
2015-06-12,66.70978870202674
2015-06-15,32.394976180164576
2015-06-16,17.680034497628288
2015-06-17,77.33735458853943
2015-06-18,15.875754961173424
2015-06-19,5.424020662935859
2015-06-23,55.90889557370004
2015-06-24,84.9209739427595
2015-06-25,15.328778821520068
2015-06-26,2.2505307855626326
2015-06-29,8.279982927870252
2015-06-30,91.63090128755364
2015-07-01,9.584937954642704
2015-07-02,6.004319654427646
2015-07-03,6.139575971731449
2015-07-06,22.16191768430574
2015-07-07,4.172876304023846
2015-07-08,10.951403148528405
2015-07-09,99.7003745318352
2015-07-10,99.49676491732566
2015-07-13,96.84994272623139
2015-07-14,71.37844611528821
2015-07-15,17.838354854136774
2015-07-16,71.85571903179877
2015-07-17,98.88111888111888
2015-07-20,73.88160867600543
2015-07-21,75.77112203844435
2015-07-22,61.367673179396085
2015-07-23,97.51221679253665
2015-07-24,24.379432624113477
2015-07-27,3.425266903914591
2015-07-28,21.181172291296626
2015-07-29,96.01769911504425
2015-07-30,15.761589403973511
2015-07-31,31.632204135503738
2015-08-03,23.586572438162545
2015-08-04,96.90402476780186
2015-08-05,36.14298323036187
2015-08-06,39.00176678445229
2015-08-07,97.3080317740512
2015-08-10,99.7348652231551
2015-08-11,54.60149713782475
2015-08-12,26.628521126760564
2015-08-13,92.08791208791209
2015-08-14,53.62762237762237
2015-08-17,66.43356643356644
2015-08-18,3.3216783216783217
2015-08-19,87.78892280854775
2015-08-20,13.713539399216367
2015-08-21,3.6956521739130435
2015-08-24,0.6533101045296167
2015-08-25,1.744439598778892
2015-08-26,26.3042525208242
2015-08-27,89.16887709991158
2015-08-28,99.07529722589167
2015-08-31,14.668423364075538
2015-09-01,8.033362598770852
2015-09-02,21.769601401664477
2015-09-07,75.50571679859279
2015-09-08,96.9485614646905
2015-09-09,97.39243807040417
2015-09-10,18.422193324664065
2015-09-11,70.03891050583657
2015-09-14,4.240588489831242
2015-09-15,5.354058721934369
2015-09-16,98.707453683757
2015-09-17,17.974137931034484
2015-09-18,81.88468158347676
2015-09-21,96.99183498066179
2015-09-22,63.6986301369863
2015-09-23,28.208440999138674
2015-09-24,85.12467755803955
2015-09-25,9.888698630136988
2015-09-28,88.42691813116159
2015-09-29,17.730192719486084
2015-09-30,62.20136518771331
2015-10-08,98.46088071825567
2015-10-09,82.75862068965517
2015-10-12,97.31343283582089
2015-10-13,70.4225352112676
2015-10-14,22.1985513421389
2015-10-15,98.58369098712446
2015-10-16,74.45255474452554
2015-10-19,39.36124298662063
2015-10-20,83.35489435101337
2015-10-21,5.8570198105081825
2015-10-22,97.55993150684932
2015-10-23,92.02898550724638
2015-10-26,63.51294017819262
2015-10-27,48.13084112149533
2015-10-28,17.93570219966159
2015-10-29,71.36842105263158
2015-10-30,39.831932773109244
2015-11-02,23.559108119478335
2015-11-03,49.9790004199916
2015-11-04,99.83256592716619
2015-11-05,48.41269841269841
2015-11-06,97.07112970711297
2015-11-09,71.53558052434457
2015-11-10,52.1558872305141
2015-11-11,76.28524046434494
2015-11-12,46.30623194387123
2015-11-13,20.922570016474467
2015-11-16,84.08903544929926
2015-11-17,31.659118979003704
2015-11-18,19.44216570959803
2015-11-19,95.77522559474978
2015-11-20,68.08859721082855
2015-11-23,34.41080196399346
2015-11-24,65.65945283789301
2015-11-25,82.82458282458282
2015-11-26,35.49043549043549
2015-11-27,5.453805453805454
2015-11-30,52.0064856100527
2015-12-01,55.307941653160455
2015-12-02,37.7175232699312
2015-12-03,93.3630109267503
2015-12-04,37.898989898989896
2015-12-07,72.78225806451613
2015-12-08,21.41997593261131
2015-12-09,36.094437775110045
2015-12-10,38.93769968051119
2015-12-11,34.866053578568575
2015-12-14,86.91141260973663
2015-12-15,69.5859872611465
2015-12-16,58.495821727019504
2015-12-17,97.52692461108894
2015-12-18,35.60606060606061
2015-12-21,68.38118022328548
2015-12-22,63.93638170974155
2015-12-23,26.41808806029353
2015-12-24,44.51073985680191
2015-12-25,66.06012658227847
2015-12-28,16.594231529039906
2015-12-29,75.67246835443038
2015-12-30,68.31879460745441
2015-12-31,18.747538400945256
2016-01-04,1.6122689736531655
2016-01-05,29.76050255202199
2016-01-06,96.27450980392157
2016-01-07,1.3725490196078431
2016-01-08,62.077104642014156
2016-01-11,3.7007874015748032
2016-01-12,59.22291993720565
2016-01-13,7.182103610675039
2016-01-14,95.96394984326018
2016-01-15,9.663536776212831
2016-01-18,84.61235733963007
2016-01-19,99.0983927871423
2016-01-20,31.313526192337765
2016-01-21,4.892367906066536
2016-01-22,86.81533646322379
2016-01-25,81.6015625
2016-01-26,2.111849824012515
2016-01-27,30.88062622309198
2016-01-28,6.335549472037544
2016-01-29,96.3949843260188
2016-02-01,28.40329540996469
2016-02-02,98.86229894076108
2016-02-03,54.54901960784314
2016-02-04,95.87912087912088
2016-02-05,22.796709753231493
2016-02-15,36.43835616438356
2016-02-16,99.41337504888541
2016-02-17,79.69543147208121
2016-02-18,35.101404056162245
2016-02-19,57.7734375
2016-02-22,95.6436420722135
2016-02-23,30.612244897959183
2016-02-24,54.89964580873672
2016-02-25,1.8533123028391167
2016-02-26,50.0
2016-02-29,4.897314375987362
2016-03-01,90.3429247142294
2016-03-02,99.60629921259843
2016-03-03,45.76271186440678
2016-03-04,14.533280819220165
2016-03-07,93.96449704142012
2016-03-08,57.96529968454258
2016-03-09,12.800315084679006
2016-03-10,11.621515508441304
2016-03-11,44.12685982772122
2016-03-14,98.51097178683386
2016-03-15,27.83868441660141
2016-03-16,21.727237202032043
2016-03-17,98.35680751173709
2016-03-18,97.53038024304195
2016-03-21,97.09005112072356
2016-03-22,34.604797483287456
2016-03-23,70.76620825147347
2016-03-24,20.173707066719302
2016-03-25,70.2446724546172
2016-03-28,32.31683168316832
2016-03-29,15.445544554455445
2016-03-30,99.40476190476191
2016-03-31,49.16930379746836
2016-04-01,34.94837172359015
2016-04-05,97.09279171644764
2016-04-06,54.588986432561846
2016-04-07,16.86602870813397
2016-04-08,28.849980103462
2016-04-11,93.4052757793765
2016-04-12,29.346092503987244
2016-04-13,85.7370517928287
2016-04-14,80.94669848846459
2016-04-15,41.04507379337854
2016-04-18,20.56596253487445
2016-04-19,60.357852882703774
2016-04-20,6.815464328417696
2016-04-21,21.09033028253084
2016-04-22,76.32311977715878
2016-04-25,34.96420047732697
2016-04-26,83.51910828025477
2016-04-27,33.71677905593018
2016-04-28,35.3431178103927
2016-04-29,40.103133677112254
2016-05-03,98.22134387351778
2016-05-04,41.90626230799527
2016-05-05,64.40677966101694
2016-05-06,5.039370078740157
2016-05-09,7.446808510638298
2016-05-10,50.019692792437965
2016-05-11,28.835562549173876
2016-05-12,35.69739952718676
2016-05-13,34.437869822485204
2016-05-16,92.51673887357227
2016-05-17,37.84421715184894
2016-05-18,7.277734067663258
2016-05-19,63.725876329263485
2016-05-20,84.02832415420929
2016-05-23,90.4649330181245
2016-05-24,22.029897718332023
2016-05-25,36.04559748427673
2016-05-26,55.908912446014924
2016-05-27,41.830322073841316
2016-05-30,29.67463739709918
2016-05-31,99.6470588235294
2016-06-01,57.283078131134666
2016-06-02,75.19623233908949
2016-06-03,53.44557556773688
2016-06-06,46.43416927899687
2016-06-07,43.8377535101404
2016-06-08,32.19017926734217
2016-06-13,4.373291682936353
2016-06-14,55.503512880562056
2016-06-15,99.14363565589723
2016-06-16,35.72263342423062
2016-06-17,69.61778471138845
2016-06-20,48.828125
2016-06-21,22.39563012095201
2016-06-22,90.50952936600545
2016-06-23,32.37465993004275
2016-06-24,21.1709965102753
2016-06-27,96.58252427184466
2016-06-28,72.82945736434108
2016-06-29,48.7020534676482
2016-06-30,45.79620302208446
2016-07-01,38.35457705677868
2016-07-04,94.4380069524913
2016-07-05,57.7914582531743
2016-07-06,51.51864667435602
2016-07-07,43.949289281598155
2016-07-08,36.15059546676911
2016-07-11,33.42307692307692
2016-07-12,74.42484662576688
2016-07-13,67.34537072608529
2016-07-14,46.60529344073648
2016-07-15,35.05747126436782
2016-07-18,33.09104820198929
2016-07-19,61.215131830340084
2016-07-20,41.13149847094802
2016-07-21,46.80932365303783
2016-07-22,21.611302023673158
2016-07-25,53.45551737304315
2016-07-26,88.32255610498288
2016-07-27,6.302201974183751
2016-07-28,45.56818181818182
2016-07-29,28.728236184708557
2016-08-01,22.003780718336486
2016-08-02,84.36322532027128
2016-08-03,55.86571105243304
2016-08-04,67.03130894002264
2016-08-05,27.02600829249906
2016-08-08,83.07634449040992
2016-08-09,80.48780487804879
2016-08-10,30.648182840014986
2016-08-11,12.47191011235955
2016-08-12,87.56070227867015
2016-08-15,98.31712789827974
2016-08-16,65.6331714605902
2016-08-17,53.636702722864605
2016-08-18,40.819366852886404
2016-08-19,45.92178770949721
2016-08-22,21.83779761904762
2016-08-23,56.2453531598513
2016-08-24,52.65700483091788
2016-08-25,28.59806114839672
2016-08-26,57.659336563548266
2016-08-29,56.01644245142003
2016-08-30,45.08196721311475
2016-08-31,49.72046216921357
2016-09-01,22.40802675585284
2016-09-02,36.81666046857568
2016-09-05,59.70315398886827
2016-09-06,88.86827458256029
2016-09-07,39.61352657004831
2016-09-08,58.4106943928704
2016-09-09,23.949423577538116
2016-09-12,7.979120059656973
2016-09-13,71.72131147540983
2016-09-14,31.541620007465472
2016-09-19,88.85981308411215
2016-09-20,39.56780923994039
2016-09-21,56.13577023498695
2016-09-22,63.012677106636836
2016-09-23,34.66417910447761
2016-09-26,9.12816691505216
2016-09-27,77.12053571428571
2016-09-28,33.531157270029674
2016-09-29,58.10760667903525
2016-09-30,65.7164013328397
2016-10-10,92.88888888888889
2016-10-11,63.33333333333333
2016-10-12,43.43025395656975
2016-10-13,44.77172312223859
2016-10-14,40.53656743844175
2016-10-17,20.704845814977972
2016-10-18,94.78516342269555
2016-10-19,35.98971722365039
2016-10-20,50.110213078618656
2016-10-21,31.779816513761467
2016-10-24,78.14787701317715
2016-10-25,57.56026296566837
2016-10-26,33.16326530612245
2016-10-27,45.51749271137026
2016-10-28,22.578295702840496
2016-10-31,46.74190025482344
2016-11-01,86.3421721758082
2016-11-02,26.4919941775837
2016-11-03,68.83164005805516
2016-11-04,40.92062341428054
2016-11-07,47.67947788252357
2016-11-08,68.84294523032281
2016-11-09,24.40174039158811
2016-11-10,93.72733865119652
2016-11-11,61.47986942328618
2016-11-14,57.83744557329463
2016-11-15,59.15697674418605
2016-11-16,42.084241103848946
2016-11-17,36.39344262295082
2016-11-18,34.48652585579024
2016-11-21,58.37581937363437
2016-11-22,76.6436614602252
2016-11-23,26.87704026115343
2016-11-24,30.010873504893077
2016-11-25,52.828136330674404
2016-11-28,42.85195936139332
2016-11-29,22.238319449474826
2016-11-30,42.238267148014444
2016-12-01,65.66787003610108
2016-12-02,14.167267483777938
2016-12-05,37.99063737846597
2016-12-06,55.67936736161035
2016-12-07,85.47807332854062
2016-12-08,23.375224416517057
2016-12-09,36.01436265709157
2016-12-12,4.2040962989579596
2016-12-13,59.16098960200789
2016-12-14,29.60314622810154
2016-12-15,79.84940839010399
2016-12-16,76.44316959483686
2016-12-19,41.76533907427341
2016-12-20,46.74535050071531
2016-12-21,80.99321186137907
2016-12-22,38.483547925608015
2016-12-23,18.022840827980012
2016-12-26,62.10826210826211
2016-12-27,46.856127886323264
2016-12-28,32.292405961674945
2016-12-29,35.73456352022711
2016-12-30,51.73144876325089
2017-01-03,82.46110325318247
2017-01-04,83.46262341325811
2017-01-05,40.282186948853614
2017-01-06,27.701513551566347
2017-01-09,64.48433650123197
2017-01-10,35.04393673110721
2017-01-11,17.990161630358397
2017-01-12,22.720897615708274
2017-01-13,18.299510146955914
2017-01-16,12.76297335203366
2017-01-17,76.19880994049703
2017-01-18,32.948986722571625
2017-01-19,35.05767214260748
2017-01-20,95.02089136490251
2017-01-23,81.3759555246699
2017-01-24,32.44274809160305
2017-01-25,63.227146814404435
2017-01-26,73.49480968858131
2017-02-03,33.47207769684356
2017-02-06,85.19417475728154
2017-02-07,39.882189882189884
2017-02-08,75.6308330452817
2017-02-09,73.78069872016604
2017-02-10,37.72475795297372
2017-02-13,72.48530936743865
2017-02-14,38.217000691085005
2017-02-15,23.9572561185798
2017-02-16,69.0
2017-02-17,23.018607856650586
2017-02-20,72.61698440207972
2017-02-21,76.38312586445366
2017-02-22,54.9948150708607
2017-02-23,43.76511226252159
2017-02-24,61.51986183074266
2017-02-27,24.60262612301313
2017-02-28,64.72011057360055
2017-03-01,52.0703933747412
2017-03-02,25.3618194348725
2017-03-03,53.291968286797655
2017-03-06,87.87461246985877
2017-03-07,55.055020632737275
2017-03-08,29.858961128310973
2017-03-09,24.80220158238734
2017-03-10,43.42602128389976
2017-03-13,74.08934707903781
2017-03-14,36.148300720906285
2017-03-15,38.93653516295026
2017-03-16,89.04909028492962
2017-03-17,21.054433413214653
2017-03-20,61.96361139718503
2017-03-21,50.582191780821915
2017-03-22,32.62581307771311
2017-03-23,44.19002050580998
2017-03-24,58.219645293315146
2017-03-27,38.06759986343462
2017-03-28,35.34629819174343
2017-03-29,26.580557443915705
2017-03-30,13.858695652173914
2017-03-31,61.909616038056406
2017-04-05,92.24489795918367
2017-04-06,49.982987410683904
2017-04-07,40.0611620795107
2017-04-10,26.625808648280557
2017-04-11,66.78035470668485
2017-04-12,26.02507624534056
2017-04-13,57.81781101291639
2017-04-14,16.213460231135283
2017-04-17,23.217303142953703
2017-04-18,25.185685347738012
2017-04-19,32.692955847657565
2017-04-20,38.206429780033844
2017-04-21,40.31767489016559
2017-04-24,13.211382113821138
2017-04-25,62.804054054054056
2017-04-26,60.15519568151147
2017-04-27,65.44043199460006
2017-04-28,63.71621621621622
2017-05-02,43.90492359932088
2017-05-03,44.71819102261222
2017-05-04,31.44208037825059
2017-05-05,19.46693657219973
2017-05-08,16.874789065136685
2017-05-09,72.38127315594475
2017-05-10,14.49763991908294
2017-05-11,39.118735284224684
2017-05-12,41.88870151770658
2017-05-15,51.855600539811064
2017-05-16,93.50912778904666
2017-05-17,54.97806277421532
2017-05-18,26.895854398382202
2017-05-19,41.92682108089963
2017-05-22,15.234899328859061
2017-05-23,12.303050620181025
2017-05-24,66.33165829145729
2017-05-25,72.46814218645204
2017-05-26,48.172980221253766
2017-05-31,41.41515761234071
2017-06-01,11.312520980194696
2017-06-02,77.90463398253861
2017-06-05,76.33793335577246
2017-06-06,67.26110363391655
2017-06-07,98.15188172043011
2017-06-08,33.658045011756805
2017-06-09,46.71361502347418
2017-06-12,15.650134048257373
2017-06-13,89.1828533154722
2017-06-14,45.48796791443851
2017-06-15,83.8009352037408
2017-06-16,33.06693306693307
2017-06-19,72.59407259407259
2017-06-20,40.564784053156146
2017-06-21,45.60822008617833
2017-06-22,13.076667772983738
2017-06-23,46.70420669095727
2017-06-26,86.80808750414319
2017-06-27,49.08970539556438
2017-06-28,21.920529801324502
2017-06-29,65.7615894039735
2017-06-30,52.99966854491216
2017-07-03,75.53861451773285
2017-07-04,33.16782522343595
2017-07-05,80.0727032385988
2017-07-06,41.82660489741893
2017-07-07,58.3857095600397
2017-07-10,32.04237007613373
2017-07-11,19.33884297520661
2017-07-12,40.86554344235216
2017-07-13,45.43650793650794
2017-07-14,31.792670848464837
2017-07-17,5.085865257595773
2017-07-18,71.03082532316871
2017-07-19,80.7819748177601
2017-07-20,52.07022192779066
2017-07-21,39.39894319682959
2017-07-24,65.63324538258574
2017-07-25,35.97098582261787
2017-07-26,37.40936058009229
2017-07-27,79.06671048307591
2017-07-28,33.3442838370565
2017-07-31,59.802955665024626
2017-08-01,48.32786885245902
2017-08-02,20.705421293272373
2017-08-03,62.17362924281984
2017-08-04,30.77425677883045
2017-08-07,71.39595564253098
2017-08-08,50.29315960912052
2017-08-09,46.618985695708716
2017-08-10,23.848150551589878
2017-08-11,18.09925397340253
2017-08-14,93.19727891156462
2017-08-15,56.49497894395854
2017-08-16,66.12746683921061
2017-08-17,71.06286454957875
2017-08-18,32.21216041397154
2017-08-21,74.83059051306873
2017-08-22,26.28350016144656
2017-08-23,35.92139175257732
2017-08-24,26.941669352239767
2017-08-25,88.1917631917632
2017-08-28,86.73731535003212
2017-08-29,38.226790876967556
2017-08-30,46.38379942140791
2017-08-31,59.25449871465296
2017-09-01,57.86445012787724
2017-09-04,53.29705505761844
2017-09-05,44.043436601724686
2017-09-06,50.91025231555414
2017-09-07,33.205496963886226
2017-09-08,49.61538461538461
2017-09-11,69.96794871794872
2017-09-12,30.301089045483664
2017-09-13,58.89315419065899
2017-09-14,37.56393861892583
2017-09-15,36.59003831417624
2017-09-18,66.71984684109763
2017-09-19,34.223918575063614
2017-09-20,70.40686586141132
2017-09-21,21.870047543581617
2017-09-22,36.87539531941809
2017-09-25,21.586599241466498
2017-09-26,48.0617711944532
2017-09-27,69.37874487543361
2017-09-28,28.440944881889763
2017-09-29,74.73253618628068
2017-10-09,81.42317380352645
2017-10-10,73.48222711544511
2017-10-11,36.8354828562441
2017-10-12,36.95788812067882
2017-10-13,63.2173095014111
2017-10-16,15.015673981191222
2017-10-17,48.995605775266796
2017-10-18,23.75274552871039
2017-10-19,25.235404896421848
2017-10-20,83.06679209783631
2017-10-23,66.46819178940771
2017-10-24,29.36010037641154
2017-10-25,73.5819492322156
2017-10-26,58.858576356224525
2017-10-27,27.349624060150372
2017-10-30,14.763841101032218
2017-10-31,74.86731189509834
2017-11-01,44.49297971918877
2017-11-02,24.579962663347853
2017-11-03,29.863269111249224
2017-11-06,74.09825870646766
2017-11-07,58.421379738968305
2017-11-08,56.717344089357745
2017-11-09,61.81761786600496
2017-11-10,42.99471885678782
2017-11-13,42.06596141879278
2017-11-14,27.50466708151836
2017-11-15,28.415810768751946
2017-11-16,34.74867311895098
2017-11-17,9.133416458852867
2017-11-20,50.78027465667915
2017-11-21,39.1630231105559
2017-11-22,43.45107846201938
2017-11-23,8.880550343964979
2017-11-24,54.66207759699625
2017-11-27,25.390869293308317
2017-11-28,88.89934148635936
2017-11-29,42.4812030075188
2017-11-30,32.19328522121117
2017-12-01,74.83526827737684
2017-12-04,20.213769254951274
2017-12-05,12.554927809165099
2017-12-06,74.09733124018838
2017-12-07,38.45185651353052
2017-12-08,82.9874213836478
2017-12-11,78.83464566929133
2017-12-12,15.968503937007874
2017-12-13,73.3921815889029
2017-12-14,44.12968209002203
2017-12-15,38.01445177505498
2017-12-18,32.788431310908514
2017-12-19,71.5004718464926
2017-12-20,20.08158142453718
2017-12-21,46.842601319509896
2017-12-22,36.189579409918395
2017-12-25,21.361355081555836
2017-12-26,75.01569365976145
2017-12-27,31.721105527638194
2017-12-28,55.862936183590065
2017-12-29,72.5502512562814
2018-01-02,77.06566132579327
2018-01-03,71.44200626959247
2018-01-04,41.01035456542203
2018-01-05,47.67879548306148
2018-01-08,43.93226716839135
2018-01-09,39.46708463949843
2018-01-10,23.221560639298026
2018-01-11,64.91392801251956
2018-01-12,31.142410015649453
2018-01-15,13.16447779862414
2018-01-16,67.42732103782431
2018-01-17,52.36306729264476
2018-01-18,46.695897275289695
2018-01-19,37.71106941838649
2018-01-22,66.69802445907807
2005-01-11,51.5600624024961
2005-04-21,25.998433829287393
2005-06-17,33.98590446358653
2005-09-28,42.38683127572017
2005-09-29,90.29671210906174
2005-09-30,33.68421052631579
2005-10-20,39.48030176026823
2006-05-29,93.27569644572526
2006-05-31,40.774907749077485
2006-06-01,97.28506787330316
2006-06-02,52.74223034734917
2006-06-05,79.00552486187846
2006-06-06,36.856617647058826
2006-06-07,4.627949183303085
2006-06-08,44.73214285714286
2006-06-09,17.636526410026857
2006-06-15,52.800000000000004
2006-06-26,88.0037488284911
2006-07-10,60.787824529991056
2006-07-11,57.16814159292035
2006-07-12,35.3819139596137
2006-07-13,5.483028720626632
2006-07-14,62.63066202090592
2006-07-18,54.87269534679543
2006-10-10,54.730831973898866
2006-10-11,48.048780487804876
2006-10-12,28.872668288726683
2007-04-27,37.52988047808765
2007-04-30,56.12903225806451
2007-05-14,50.4746835443038
2007-05-15,23.052208835341364
2007-05-16,90.29435163086714
2007-05-17,91.953125
2007-05-18,49.79114452798663
2007-05-21,81.58307210031349
2007-05-22,75.29597474348856
2007-05-23,88.17034700315457
2007-05-24,30.039215686274513
2007-06-01,11.47919876733436
2007-06-04,1.9260400616332818
2007-06-05,52.41379310344828
2007-06-06,65.61538461538461
2007-06-07,94.10413476263399
2007-06-08,69.08809891808346
2007-06-11,69.82429335370512
2007-06-12,67.61102603369066
2007-06-13,86.25192012288785
2007-06-14,28.789032749428788
2007-06-15,40.463320463320464
2007-06-18,92.29583975346686
2007-06-19,65.82952815829528
2007-06-26,64.98447204968944
2007-07-20,98.2693754702784
2007-12-19,94.01772525849336
2008-06-12,35.21524347212421
2008-10-15,39.56785955435517
2009-02-24,15.521796565389694
2009-02-27,8.050565535595476
2009-05-18,58.55354659248957
2009-06-08,44.2
2009-06-09,53.12916111850865
2009-06-10,70.45454545454545
2009-06-11,33.88925950633756
2009-06-12,16.33064516129032
2009-06-29,58.28729281767956
2009-07-31,96.27906976744185
2009-12-25,55.85072738772928
2009-12-28,92.7927927927928
2010-03-01,80.61408789885611
2010-06-17,28.896672504378284
2010-06-30,23.869490555237547
2010-07-01,23.555804823331464
2010-07-02,42.84913067863152
2010-07-05,32.16308040770102
2010-07-06,98.08450704225352
2010-07-07,79.00956668542487
2010-07-08,32.95901179112858
2010-07-09,97.91196388261851
2010-07-12,78.46674182638105
2010-07-13,20.691578360290016
2010-07-14,73.71651785714286
2010-07-15,9.960607765897581
2010-07-16,60.21384355655599
2010-07-19,97.75533108866442
2010-07-20,98.10161920714685
2010-07-21,46.81564245810056
2010-07-22,90.1006711409396
2010-07-23,40.71789119461582
2010-07-26,81.31682611142375
2010-07-27,35.23489932885906
2010-07-28,98.36619718309859
2010-07-29,62.9086809470124
2010-07-30,39.038031319910516
2010-08-02,96.59027389603129
2010-08-03,14.61111111111111
2010-08-04,69.52169076751946
2010-08-05,50.11173184357543
2010-08-06,93.26655537006121
2010-08-09,82.30039084310441
2010-08-11,80.20078081427775
2010-08-12,22.240802675585282
2010-08-13,92.04481792717087
2010-08-16,98.13137032842583
2010-08-17,67.8690344062153
2010-08-18,36.642498605688786
2010-08-19,47.38598442714127
2010-08-20,15.26082130965594
2010-08-23,59.832402234636874
2010-08-24,78.69034406215316
2010-08-25,16.18464961067853
2010-08-26,65.08024349750968
2010-08-27,62.35294117647059
2010-08-30,97.38452977184195
2010-08-31,53.655854865310616
2010-09-01,23.1023102310231
2010-09-30,88.38084991931146
2010-12-23,12.866108786610878
2011-05-09,73.46326836581709
2011-05-10,64.73871131405377
2011-05-11,51.40879881364311
2011-05-12,18.109452736318406
2011-05-25,19.047619047619047
2011-08-17,38.04143126177024
2011-09-02,18.105065666041277
2011-12-06,57.69581056466302
2012-01-10,99.1891891891892
2012-01-11,43.86834986474301
2012-01-12,35.70780399274047
2012-01-13,4.82037289677126
2012-01-16,4.675925925925926
2012-01-17,99.63817277250114
2012-01-18,10.386690647482014
2012-01-19,77.03005832211754
2012-02-09,67.73610483506552
2012-05-23,32.84896521356231
2013-09-06,57.90816326530612
2014-07-15,38.646288209606986
2005-10-10,22.286661143330573
2005-10-11,94.6236559139785
2005-10-12,71.27483443708608
2005-10-13,29.098360655737704
2005-10-14,23.805601317957166
2005-10-17,49.407783417935704
2005-10-18,83.33333333333334
2005-10-19,31.292517006802722
2006-05-30,65.64003849855631
2006-07-17,84.09893992932862
2010-08-10,5.974316024567281
