,日期,数量,下跌数量
0,2010-01-04,1695,711
1,2010-01-05,1695,1115
2,2010-01-06,1698,784
3,2010-01-07,1699,340
4,2010-01-08,1705,1400
5,2010-01-11,1705,803
6,2010-01-12,1707,1571
7,2010-01-13,1710,1077
8,2010-01-14,1710,1602
9,2010-01-15,1712,1064
10,2010-01-18,1713,1403
11,2010-01-19,1713,723
12,2010-01-20,1721,260
13,2010-01-21,1722,1146
14,2010-01-22,1725,463
15,2010-01-25,1724,701
16,2010-01-26,1727,173
17,2010-01-27,1727,603
18,2010-01-28,1731,1386
19,2010-01-29,1731,1385
20,2010-02-01,1731,658
21,2010-02-02,1732,531
22,2010-02-03,1735,1345
23,2010-02-04,1735,1388
24,2010-02-05,1738,890
25,2010-02-08,1738,1069
26,2010-02-09,1742,1111
27,2010-02-10,1745,1248
28,2010-02-11,1749,758
29,2010-02-12,1747,1422
30,2010-02-22,1747,954
31,2010-02-23,1748,1112
32,2010-02-24,1748,1691
33,2010-02-25,1748,1539
34,2010-02-26,1752,977
35,2010-03-01,1752,1435
36,2010-03-02,1752,822
37,2010-03-03,1755,1369
38,2010-03-04,1755,178
39,2010-03-05,1757,1057
40,2010-03-08,1757,1347
41,2010-03-09,1757,957
42,2010-03-10,1757,490
43,2010-03-11,1757,775
44,2010-03-12,1760,393
45,2010-03-15,1760,681
46,2010-03-16,1763,1347
47,2010-03-17,1763,1734
48,2010-03-18,1766,904
49,2010-03-19,1771,1308
50,2010-03-22,1771,1131
51,2010-03-23,1774,647
52,2010-03-24,1774,1024
53,2010-03-25,1774,581
54,2010-03-26,1778,1549
55,2010-03-29,1779,1185
56,2010-03-30,1779,1176
57,2010-03-31,1783,976
58,2010-04-01,1783,1582
59,2010-04-02,1786,1020
60,2010-04-06,1786,944
61,2010-04-07,1786,1028
62,2010-04-08,1786,834
63,2010-04-09,1789,1556
64,2010-04-12,1789,1084
65,2010-04-13,1792,564
66,2010-04-14,1792,1360
67,2010-04-15,1792,548
68,2010-04-16,1794,1023
69,2010-04-19,1794,279
70,2010-04-20,1794,1254
71,2010-04-21,1799,1757
72,2010-04-22,1799,1058
73,2010-04-23,1802,756
74,2010-04-26,1802,845
75,2010-04-27,1806,408
76,2010-04-28,1807,1157
77,2010-04-29,1809,270
78,2010-04-30,1813,492
79,2010-05-04,1813,1420
80,2010-05-05,1813,1756
81,2010-05-06,1817,245
82,2010-05-07,1817,1131
83,2010-05-10,1817,801
84,2010-05-11,1820,164
85,2010-05-12,1820,824
86,2010-05-13,1820,1689
87,2010-05-14,1820,1365
88,2010-05-17,1820,169
89,2010-05-18,1824,1482
90,2010-05-19,1824,1212
91,2010-05-20,1828,643
92,2010-05-21,1828,1816
93,2010-05-24,1828,1820
94,2010-05-25,1832,835
95,2010-05-26,1836,1254
96,2010-05-27,1836,1785
97,2010-05-28,1839,697
98,2010-05-31,1839,308
99,2010-06-01,1843,569
100,2010-06-02,1843,1688
101,2010-06-03,1847,494
102,2010-06-04,1847,1603
103,2010-06-07,1847,1472
104,2010-06-08,1851,1472
105,2010-06-09,1851,1655
106,2010-06-10,1855,1206
107,2010-06-11,1855,669
108,2010-06-17,1855,463
109,2010-06-18,1859,239
110,2010-06-21,1859,1812
111,2010-06-22,1859,1448
112,2010-06-23,1863,979
113,2010-06-24,1863,1076
114,2010-06-25,1867,503
115,2010-06-28,1867,525
116,2010-06-29,1867,156
117,2010-06-30,1867,742
118,2010-07-01,1867,584
119,2010-07-02,1867,924
120,2010-07-05,1868,1212
121,2010-07-06,1872,1856
122,2010-07-07,1872,1555
123,2010-07-08,1875,596
124,2010-07-09,1875,1839
125,2010-07-12,1875,1539
126,2010-07-13,1879,609
127,2010-07-14,1879,1418
128,2010-07-15,1880,290
129,2010-07-16,1884,1491
130,2010-07-19,1884,1869
131,2010-07-20,1888,1851
132,2010-07-21,1888,998
133,2010-07-22,1888,1820
134,2010-07-23,1888,853
135,2010-07-26,1888,1551
136,2010-07-27,1888,871
137,2010-07-28,1892,1865
138,2010-07-29,1892,1242
139,2010-07-30,1892,953
140,2010-08-02,1892,1821
141,2010-08-03,1896,334
142,2010-08-04,1896,1611
143,2010-08-05,1896,1057
144,2010-08-06,1899,1811
145,2010-08-09,1899,1609
146,2010-08-10,1902,208
147,2010-08-11,1902,1704
148,2010-08-12,1905,833
149,2010-08-13,1905,1772
150,2010-08-16,1906,1866
151,2010-08-17,1906,1272
152,2010-08-18,1910,780
153,2010-08-19,1910,1052
154,2010-08-20,1913,435
155,2010-08-23,1913,1307
156,2010-08-24,1913,1623
157,2010-08-25,1916,477
158,2010-08-26,1916,1206
159,2010-08-27,1920,1369
160,2010-08-30,1920,1811
161,2010-08-31,1923,1275
162,2010-09-01,1923,511
163,2010-09-02,1927,1482
164,2010-09-03,1927,1162
165,2010-09-06,1927,870
166,2010-09-07,1927,1336
167,2010-09-08,1931,1414
168,2010-09-09,1931,470
169,2010-09-10,1934,1255
170,2010-09-13,1934,1646
171,2010-09-14,1934,865
172,2010-09-15,1938,472
173,2010-09-16,1938,394
174,2010-09-17,1941,906
175,2010-09-20,1941,602
176,2010-09-21,1945,910
177,2010-09-27,1945,1807
178,2010-09-28,1949,754
179,2010-09-29,1952,609
180,2010-09-30,1952,1837
181,2010-10-08,1952,1728
182,2010-10-11,1953,1227
183,2010-10-12,1953,1236
184,2010-10-13,1958,1173
185,2010-10-14,1958,385
186,2010-10-15,1961,1098
187,2010-10-18,1961,784
188,2010-10-19,1964,1853
189,2010-10-20,1964,1600
190,2010-10-21,1968,1121
191,2010-10-22,1968,1300
192,2010-10-25,1968,1788
193,2010-10-26,1972,971
194,2010-10-27,1972,763
195,2010-10-28,1973,1118
196,2010-10-29,1973,1261
197,2010-11-01,1973,1803
198,2010-11-02,1978,800
199,2010-11-03,1978,700
200,2010-11-04,1978,1805
201,2010-11-05,1981,1210
202,2010-11-08,1981,1614
203,2010-11-09,1985,1063
204,2010-11-10,1985,1169
205,2010-11-11,1985,748
206,2010-11-12,1989,221
207,2010-11-15,1990,1755
208,2010-11-16,1990,386
209,2010-11-17,1993,592
210,2010-11-18,1996,1402
211,2010-11-19,1996,1680
212,2010-11-22,1996,1734
213,2010-11-23,1999,689
214,2010-11-24,1999,1965
215,2010-11-25,2002,1224
216,2010-11-26,2002,878
217,2010-11-29,2002,1273
218,2010-11-30,2002,361
219,2010-12-01,2002,1282
220,2010-12-02,2002,699
221,2010-12-03,2006,756
222,2010-12-06,2007,530
223,2010-12-07,2011,1784
224,2010-12-08,2011,831
225,2010-12-09,2014,499
226,2010-12-10,2018,1868
227,2010-12-13,2018,1972
228,2010-12-14,2018,1427
229,2010-12-15,2022,806
230,2010-12-16,2022,1122
231,2010-12-17,2024,1227
232,2010-12-20,2024,509
233,2010-12-21,2024,1587
234,2010-12-22,2027,603
235,2010-12-23,2027,406
236,2010-12-24,2030,609
237,2010-12-27,2030,287
238,2010-12-28,2031,614
239,2010-12-29,2034,1774
240,2010-12-30,2034,1104
241,2010-12-31,2039,1939
242,2011-01-04,2039,1563
243,2011-01-05,2039,1260
244,2011-01-06,2039,892
245,2011-01-07,2045,997
246,2011-01-10,2047,323
247,2011-01-11,2049,1005
248,2011-01-12,2049,1388
249,2011-01-13,2055,781
250,2011-01-14,2055,467
251,2011-01-17,2055,254
252,2011-01-18,2060,1533
253,2011-01-19,2060,2012
254,2011-01-20,2060,270
255,2011-01-21,2060,1701
256,2011-01-24,2060,537
257,2011-01-25,2065,746
258,2011-01-26,2065,1926
259,2011-01-27,2066,1952
260,2011-01-28,2070,1646
261,2011-01-31,2070,1794
262,2011-02-01,2077,1080
263,2011-02-09,2077,1056
264,2011-02-10,2077,2021
265,2011-02-11,2079,1630
266,2011-02-14,2079,1904
267,2011-02-15,2084,887
268,2011-02-16,2084,1939
269,2011-02-17,2084,1057
270,2011-02-18,2087,760
271,2011-02-21,2087,2036
272,2011-02-22,2093,311
273,2011-02-23,2093,1805
274,2011-02-24,2093,1524
275,2011-02-25,2097,1144
276,2011-02-28,2097,1737
277,2011-03-01,2098,1248
278,2011-03-02,2103,1092
279,2011-03-03,2106,501
280,2011-03-04,2106,1839
281,2011-03-07,2106,1559
282,2011-03-08,2109,1327
283,2011-03-09,2110,1020
284,2011-03-10,2112,861
285,2011-03-11,2113,1181
286,2011-03-14,2113,1682
287,2011-03-15,2113,605
288,2011-03-16,2117,1772
289,2011-03-17,2118,631
290,2011-03-18,2120,1192
291,2011-03-21,2120,956
292,2011-03-22,2122,993
293,2011-03-23,2122,1857
294,2011-03-24,2122,1080
295,2011-03-25,2124,1502
296,2011-03-28,2124,903
297,2011-03-29,2127,635
298,2011-03-30,2127,816
299,2011-03-31,2127,763
300,2011-04-01,2127,1822
301,2011-04-06,2127,1239
302,2011-04-07,2131,1479
303,2011-04-08,2131,1774
304,2011-04-11,2131,649
305,2011-04-12,2135,1196
306,2011-04-13,2135,1863
307,2011-04-14,2135,874
308,2011-04-15,2138,1163
309,2011-04-18,2138,1359
310,2011-04-19,2138,880
311,2011-04-20,2138,1493
312,2011-04-21,2141,1308
313,2011-04-22,2144,893
314,2011-04-25,2144,547
315,2011-04-26,2147,725
316,2011-04-27,2147,612
317,2011-04-28,2151,281
318,2011-04-29,2151,1909
319,2011-05-03,2151,1846
320,2011-05-04,2151,446
321,2011-05-05,2154,1680
322,2011-05-06,2157,1768
323,2011-05-09,2158,1590
324,2011-05-10,2158,1437
325,2011-05-11,2161,1223
326,2011-05-12,2161,737
327,2011-05-13,2161,1637
328,2011-05-16,2161,1108
329,2011-05-17,2161,1107
330,2011-05-18,2165,1678
331,2011-05-19,2165,723
332,2011-05-20,2168,991
333,2011-05-23,2168,261
334,2011-05-24,2168,1392
335,2011-05-25,2171,580
336,2011-05-26,2171,575
337,2011-05-27,2173,430
338,2011-05-30,2174,845
339,2011-05-31,2177,2026
340,2011-06-01,2177,1818
341,2011-06-02,2181,870
342,2011-06-03,2182,2059
343,2011-06-07,2182,1816
344,2011-06-08,2185,1368
345,2011-06-09,2185,374
346,2011-06-10,2189,1399
347,2011-06-13,2189,1476
348,2011-06-14,2189,2022
349,2011-06-15,2193,665
350,2011-06-16,2193,524
351,2011-06-17,2193,572
352,2011-06-20,2193,798
353,2011-06-21,2194,1841
354,2011-06-22,2198,884
355,2011-06-23,2198,2135
356,2011-06-24,2198,2140
357,2011-06-27,2198,1865
358,2011-06-28,2200,1205
359,2011-06-29,2203,527
360,2011-06-30,2205,2057
361,2011-07-01,2205,1273
362,2011-07-04,2205,2129
363,2011-07-05,2205,1450
364,2011-07-06,2208,1395
365,2011-07-07,2211,1188
366,2011-07-08,2211,1085
367,2011-07-11,2211,1801
368,2011-07-12,2214,612
369,2011-07-13,2214,2165
370,2011-07-14,2214,1619
371,2011-07-15,2217,1633
372,2011-07-18,2217,1036
373,2011-07-19,2220,714
374,2011-07-20,2220,932
375,2011-07-21,2220,572
376,2011-07-22,2220,1315
377,2011-07-25,2220,219
378,2011-07-26,2220,1604
379,2011-07-27,2220,2132
380,2011-07-28,2223,1329
381,2011-07-29,2225,764
382,2011-08-01,2225,1689
383,2011-08-02,2225,969
384,2011-08-03,2228,1928
385,2011-08-04,2228,1334
386,2011-08-05,2230,1524
387,2011-08-08,2231,337
388,2011-08-09,2231,2082
389,2011-08-10,2234,909
390,2011-08-11,2234,2214
391,2011-08-12,2235,1471
392,2011-08-15,2237,1928
393,2011-08-16,2238,624
394,2011-08-17,2238,1183
395,2011-08-18,2241,417
396,2011-08-19,2245,1835
397,2011-08-22,2245,1020
398,2011-08-23,2244,2038
399,2011-08-24,2244,769
400,2011-08-25,2244,1990
401,2011-08-26,2245,1680
402,2011-08-29,2245,915
403,2011-08-30,2248,382
404,2011-08-31,2249,912
405,2011-09-01,2249,697
406,2011-09-02,2249,623
407,2011-09-05,2249,502
408,2011-09-06,2251,1371
409,2011-09-07,2251,2165
410,2011-09-08,2252,420
411,2011-09-09,2254,912
412,2011-09-13,2254,1049
413,2011-09-14,2254,1795
414,2011-09-15,2254,1100
415,2011-09-16,2258,778
416,2011-09-19,2259,417
417,2011-09-20,2262,1797
418,2011-09-21,2262,2248
419,2011-09-22,2262,294
420,2011-09-23,2262,1719
421,2011-09-26,2262,570
422,2011-09-27,2265,1035
423,2011-09-28,2266,271
424,2011-09-29,2270,409
425,2011-09-30,2270,988
426,2011-10-10,2270,771
427,2011-10-11,2270,234
428,2011-10-12,2272,2266
429,2011-10-13,2273,2096
430,2011-10-14,2273,1021
431,2011-10-17,2273,1255
432,2011-10-18,2275,336
433,2011-10-19,2275,862
434,2011-10-20,2275,345
435,2011-10-21,2275,598
436,2011-10-24,2275,1934
437,2011-10-25,2275,2252
438,2011-10-26,2277,2084
439,2011-10-27,2277,1110
440,2011-10-28,2280,1908
441,2011-10-31,2280,1538
442,2011-11-01,2280,1762
443,2011-11-02,2283,2269
444,2011-11-03,2287,1280
445,2011-11-04,2287,1341
446,2011-11-07,2288,1056
447,2011-11-08,2288,569
448,2011-11-09,2288,2011
449,2011-11-10,2288,991
450,2011-11-11,2291,1136
451,2011-11-14,2291,2163
452,2011-11-15,2292,1616
453,2011-11-16,2292,246
454,2011-11-17,2292,1223
455,2011-11-18,2292,364
456,2011-11-21,2292,1385
457,2011-11-22,2294,1765
458,2011-11-23,2295,764
459,2011-11-24,2295,1650
460,2011-11-25,2299,784
461,2011-11-28,2299,1144
462,2011-11-29,2299,1755
463,2011-11-30,2300,196
464,2011-12-01,2300,726
465,2011-12-02,2300,538
466,2011-12-05,2302,307
467,2011-12-06,2302,1556
468,2011-12-07,2302,1580
469,2011-12-08,2304,1351
470,2011-12-09,2304,1189
471,2011-12-12,2305,600
472,2011-12-13,2305,307
473,2011-12-14,2305,571
474,2011-12-15,2305,616
475,2011-12-16,2307,2211
476,2011-12-19,2307,1611
477,2011-12-20,2310,1284
478,2011-12-21,2310,218
479,2011-12-22,2312,910
480,2011-12-23,2312,2039
481,2011-12-26,2312,1008
482,2011-12-27,2312,353
483,2011-12-28,2314,1300
484,2011-12-29,2318,1704
485,2011-12-30,2318,2081
486,2012-01-04,2318,219
487,2012-01-05,2318,341
488,2012-01-06,2321,1754
489,2012-01-09,2321,2300
490,2012-01-10,2323,2307
491,2012-01-11,2323,1353
492,2012-01-12,2323,1444
493,2012-01-13,2325,228
494,2012-01-16,2326,474
495,2012-01-17,2327,2322
496,2012-01-18,2327,291
497,2012-01-19,2328,1946
498,2012-01-20,2328,1882
499,2012-01-30,2328,734
500,2012-01-31,2328,1384
501,2012-02-01,2329,968
502,2012-02-02,2329,2209
503,2012-02-03,2329,2226
504,2012-02-06,2329,1600
505,2012-02-07,2329,476
506,2012-02-08,2329,2316
507,2012-02-09,2330,1792
508,2012-02-10,2330,1711
509,2012-02-13,2330,2241
510,2012-02-14,2330,1181
511,2012-02-15,2330,2245
512,2012-02-16,2334,1125
513,2012-02-17,2336,719
514,2012-02-20,2337,534
515,2012-02-21,2337,2099
516,2012-02-22,2337,2274
517,2012-02-23,2338,1363
518,2012-02-24,2338,2068
519,2012-02-27,2338,1009
520,2012-02-28,2339,979
521,2012-02-29,2340,629
522,2012-03-01,2339,2002
523,2012-03-02,2339,2259
524,2012-03-05,2339,1036
525,2012-03-06,2339,736
526,2012-03-07,2339,1570
527,2012-03-08,2341,2056
528,2012-03-09,2345,1993
529,2012-03-12,2345,1402
530,2012-03-13,2345,1867
531,2012-03-14,2345,187
532,2012-03-15,2348,760
533,2012-03-16,2352,2256
534,2012-03-19,2356,2013
535,2012-03-20,2355,404
536,2012-03-21,2358,1196
537,2012-03-22,2358,1240
538,2012-03-23,2358,515
539,2012-03-26,2358,1248
540,2012-03-27,2360,757
541,2012-03-28,2360,203
542,2012-03-29,2365,689
543,2012-03-30,2365,1113
544,2012-04-05,2365,2335
545,2012-04-06,2365,1796
546,2012-04-09,2365,765
547,2012-04-10,2367,2102
548,2012-04-11,2368,2157
549,2012-04-12,2368,2243
550,2012-04-13,2368,1650
551,2012-04-16,2371,1648
552,2012-04-17,2371,655
553,2012-04-18,2371,2277
554,2012-04-19,2371,1247
555,2012-04-20,2371,1994
556,2012-04-23,2372,644
557,2012-04-24,2372,1052
558,2012-04-25,2375,2012
559,2012-04-26,2378,990
560,2012-04-27,2379,1133
561,2012-05-02,2379,1417
562,2012-05-03,2381,1671
563,2012-05-04,2381,1887
564,2012-05-07,2383,1968
565,2012-05-08,2385,1286
566,2012-05-09,2385,651
567,2012-05-10,2385,1684
568,2012-05-11,2388,937
569,2012-05-14,2388,616
570,2012-05-15,2388,1490
571,2012-05-16,2388,692
572,2012-05-17,2388,2141
573,2012-05-18,2389,790
574,2012-05-21,2390,1276
575,2012-05-22,2390,2007
576,2012-05-23,2393,1000
577,2012-05-24,2393,986
578,2012-05-25,2396,639
579,2012-05-28,2396,2032
580,2012-05-29,2397,2200
581,2012-05-30,2398,1491
582,2012-05-31,2398,1802
583,2012-06-01,2401,1096
584,2012-06-04,2401,456
585,2012-06-05,2404,1127
586,2012-06-06,2404,885
587,2012-06-07,2404,417
588,2012-06-08,2406,500
589,2012-06-11,2407,2222
590,2012-06-12,2412,1103
591,2012-06-13,2414,2256
592,2012-06-14,2414,888
593,2012-06-15,2414,1233
594,2012-06-18,2414,1721
595,2012-06-19,2417,846
596,2012-06-20,2417,1022
597,2012-06-21,2417,604
598,2012-06-25,2417,427
599,2012-06-26,2417,1679
600,2012-06-27,2417,1034
601,2012-06-28,2420,534
602,2012-06-29,2420,2192
603,2012-07-02,2420,1553
604,2012-07-03,2421,1477
605,2012-07-04,2421,887
606,2012-07-05,2422,483
607,2012-07-06,2423,2017
608,2012-07-09,2423,449
609,2012-07-10,2425,1010
610,2012-07-11,2425,1931
611,2012-07-12,2425,2139
612,2012-07-13,2427,990
613,2012-07-16,2427,216
614,2012-07-17,2429,2019
615,2012-07-18,2431,1892
616,2012-07-19,2431,2132
617,2012-07-20,2431,1075
618,2012-07-23,2431,1052
619,2012-07-24,2431,2197
620,2012-07-25,2431,1033
621,2012-07-26,2435,774
622,2012-07-27,2435,842
623,2012-07-30,2435,541
624,2012-07-31,2438,769
625,2012-08-01,2441,2312
626,2012-08-02,2441,929
627,2012-08-03,2441,2284
628,2012-08-06,2441,2397
629,2012-08-07,2442,1921
630,2012-08-08,2445,1034
631,2012-08-09,2445,2264
632,2012-08-10,2446,1135
633,2012-08-13,2446,394
634,2012-08-14,2446,1937
635,2012-08-15,2446,720
636,2012-08-16,2447,1071
637,2012-08-17,2451,1562
638,2012-08-20,2451,1840
639,2012-08-21,2452,2250
640,2012-08-22,2452,832
641,2012-08-23,2452,1945
642,2012-08-24,2453,442
643,2012-08-27,2453,582
644,2012-08-28,2453,1981
645,2012-08-29,2453,1156
646,2012-08-30,2453,671
647,2012-08-31,2453,1817
648,2012-09-03,2453,2301
649,2012-09-04,2453,697
650,2012-09-05,2456,1877
651,2012-09-06,2457,2003
652,2012-09-07,2457,2380
653,2012-09-10,2457,1829
654,2012-09-11,2459,1200
655,2012-09-12,2460,1464
656,2012-09-13,2460,452
657,2012-09-14,2460,798
658,2012-09-17,2460,210
659,2012-09-18,2460,1347
660,2012-09-19,2460,1879
661,2012-09-20,2462,212
662,2012-09-21,2463,1052
663,2012-09-24,2463,2056
664,2012-09-25,2463,941
665,2012-09-26,2463,296
666,2012-09-27,2465,2388
667,2012-09-28,2465,2399
668,2012-10-08,2465,1025
669,2012-10-09,2467,2434
670,2012-10-10,2467,2168
671,2012-10-11,2469,450
672,2012-10-12,2469,1057
673,2012-10-15,2469,800
674,2012-10-16,2469,1623
675,2012-10-17,2469,1336
676,2012-10-18,2469,2333
677,2012-10-19,2469,1154
678,2012-10-22,2469,2085
679,2012-10-23,2469,621
680,2012-10-24,2469,1608
681,2012-10-25,2469,689
682,2012-10-26,2469,413
683,2012-10-29,2469,1368
684,2012-10-30,2469,1426
685,2012-10-31,2469,1611
686,2012-11-01,2469,2354
687,2012-11-02,2470,1628
688,2012-11-05,2470,1174
689,2012-11-06,2470,699
690,2012-11-07,2470,1329
691,2012-11-08,2470,393
692,2012-11-09,2470,1376
693,2012-11-12,2470,1869
694,2012-11-13,2470,331
695,2012-11-14,2470,1619
696,2012-11-15,2470,517
697,2012-11-16,2470,1131
698,2012-11-19,2470,1846
699,2012-11-20,2470,802
700,2012-11-21,2470,2159
701,2012-11-22,2470,759
702,2012-11-23,2470,1553
703,2012-11-26,2470,611
704,2012-11-27,2470,231
705,2012-11-28,2470,564
706,2012-11-29,2470,662
707,2012-11-30,2470,2217
708,2012-12-03,2470,437
709,2012-12-04,2470,2166
710,2012-12-05,2470,2454
711,2012-12-06,2470,1161
712,2012-12-07,2470,2405
713,2012-12-10,2470,2263
714,2012-12-11,2470,861
715,2012-12-12,2470,1354
716,2012-12-13,2470,614
717,2012-12-14,2470,2466
718,2012-12-17,2470,1658
719,2012-12-18,2470,1119
720,2012-12-19,2470,1777
721,2012-12-20,2470,1603
722,2012-12-21,2470,1279
723,2012-12-24,2470,1859
724,2012-12-25,2470,2429
725,2012-12-26,2470,2212
726,2012-12-27,2470,625
727,2012-12-28,2470,2171
728,2012-12-31,2470,1666
729,2013-01-04,2470,679
730,2013-01-07,2470,2082
731,2013-01-08,2470,1862
732,2013-01-09,2470,1398
733,2013-01-10,2470,1689
734,2013-01-11,2470,442
735,2013-01-14,2470,2443
736,2013-01-15,2470,2151
737,2013-01-16,2470,1057
738,2013-01-17,2470,784
739,2013-01-18,2470,2154
740,2013-01-21,2470,1617
741,2013-01-22,2470,491
742,2013-01-23,2470,1471
743,2013-01-24,2470,369
744,2013-01-25,2470,1334
745,2013-01-28,2470,2398
746,2013-01-29,2470,1819
747,2013-01-30,2470,1176
748,2013-01-31,2470,1023
749,2013-02-01,2470,1867
750,2013-02-04,2470,833
751,2013-02-05,2470,2141
752,2013-02-06,2470,1573
753,2013-02-07,2470,1468
754,2013-02-08,2469,2151
755,2013-02-18,2469,1421
756,2013-02-19,2469,536
757,2013-02-20,2469,2314
758,2013-02-21,2469,565
759,2013-02-22,2469,1216
760,2013-02-25,2469,1870
761,2013-02-26,2469,689
762,2013-02-27,2469,1255
763,2013-02-28,2469,2270
764,2013-03-01,2469,1881
765,2013-03-04,2469,407
766,2013-03-05,2469,2362
767,2013-03-06,2469,2021
768,2013-03-07,2469,879
769,2013-03-08,2469,826
770,2013-03-11,2469,1410
771,2013-03-12,2469,336
772,2013-03-13,2469,924
773,2013-03-14,2469,1626
774,2013-03-15,2469,1344
775,2013-03-18,2469,798
776,2013-03-19,2469,1584
777,2013-03-20,2469,2416
778,2013-03-21,2469,1911
779,2013-03-22,2469,1508
780,2013-03-25,2469,1161
781,2013-03-26,2469,915
782,2013-03-27,2468,1461
783,2013-03-28,2468,398
784,2013-03-29,2468,1275
785,2013-04-01,2468,1818
786,2013-04-02,2468,796
787,2013-04-03,2468,755
788,2013-04-08,2468,1798
789,2013-04-09,2468,2009
790,2013-04-10,2468,1026
791,2013-04-11,2468,806
792,2013-04-12,2468,827
793,2013-04-15,2468,780
794,2013-04-16,2468,2257
795,2013-04-17,2468,1782
796,2013-04-18,2468,1863
797,2013-04-19,2468,2389
798,2013-04-22,2468,1834
799,2013-04-23,2468,264
800,2013-04-24,2468,2308
801,2013-04-25,2468,618
802,2013-04-26,2467,491
803,2013-05-02,2467,1722
804,2013-05-03,2467,2296
805,2013-05-06,2467,2220
806,2013-05-07,2467,1438
807,2013-05-08,2467,1685
808,2013-05-09,2467,1180
809,2013-05-10,2467,1870
810,2013-05-13,2467,1415
811,2013-05-14,2467,658
812,2013-05-15,2467,2040
813,2013-05-16,2467,1815
814,2013-05-17,2467,2178
815,2013-05-20,2467,1993
816,2013-05-21,2467,2000
817,2013-05-22,2467,885
818,2013-05-23,2467,1002
819,2013-05-24,2467,2159
820,2013-05-27,2467,1659
821,2013-05-28,2467,1307
822,2013-05-29,2467,1646
823,2013-05-30,2467,1448
824,2013-05-31,2467,846
825,2013-06-03,2467,1061
826,2013-06-04,2467,466
827,2013-06-05,2467,1699
828,2013-06-06,2467,580
829,2013-06-07,2467,564
830,2013-06-13,2467,567
831,2013-06-14,2467,2157
832,2013-06-17,2467,1253
833,2013-06-18,2467,1447
834,2013-06-19,2467,1170
835,2013-06-20,2467,283
836,2013-06-21,2467,1756
837,2013-06-24,2467,191
838,2013-06-25,2467,1378
839,2013-06-26,2467,1970
840,2013-06-27,2467,567
841,2013-06-28,2467,1600
842,2013-07-01,2467,2236
843,2013-07-02,2467,2031
844,2013-07-03,2467,1136
845,2013-07-04,2467,1994
846,2013-07-05,2467,1045
847,2013-07-08,2467,441
848,2013-07-09,2467,1806
849,2013-07-10,2467,2383
850,2013-07-11,2467,2335
851,2013-07-12,2467,878
852,2013-07-15,2466,2237
853,2013-07-16,2466,1957
854,2013-07-17,2466,676
855,2013-07-18,2466,1228
856,2013-07-19,2466,461
857,2013-07-22,2466,2272
858,2013-07-23,2466,2334
859,2013-07-24,2466,1501
860,2013-07-25,2466,650
861,2013-07-26,2466,1357
862,2013-07-29,2466,731
863,2013-07-30,2466,1393
864,2013-07-31,2466,1319
865,2013-08-01,2466,2389
866,2013-08-02,2466,1222
867,2013-08-05,2466,2223
868,2013-08-06,2466,1941
869,2013-08-07,2466,851
870,2013-08-08,2466,1583
871,2013-08-09,2466,1394
872,2013-08-12,2466,1979
873,2013-08-13,2466,1735
874,2013-08-14,2465,955
875,2013-08-15,2465,742
876,2013-08-16,2465,598
877,2013-08-19,2465,2393
878,2013-08-20,2465,1195
879,2013-08-21,2465,1771
880,2013-08-22,2465,1403
881,2013-08-23,2465,831
882,2013-08-26,2465,2327
883,2013-08-27,2465,1737
884,2013-08-28,2465,1055
885,2013-08-29,2465,1224
886,2013-08-30,2465,927
887,2013-09-02,2465,1779
888,2013-09-03,2465,2149
889,2013-09-04,2465,1153
890,2013-09-05,2465,1259
891,2013-09-06,2465,1746
892,2013-09-09,2465,1724
893,2013-09-10,2465,1655
894,2013-09-11,2465,982
895,2013-09-12,2465,1534
896,2013-09-13,2465,1394
897,2013-09-16,2465,1299
898,2013-09-17,2465,562
899,2013-09-18,2465,1913
900,2013-09-23,2465,2232
901,2013-09-24,2465,1144
902,2013-09-25,2465,969
903,2013-09-26,2465,648
904,2013-09-27,2465,1468
905,2013-09-30,2465,1843
906,2013-10-08,2465,2129
907,2013-10-09,2465,1998
908,2013-10-10,2465,893
909,2013-10-11,2465,1949
910,2013-10-14,2465,1674
911,2013-10-15,2465,1162
912,2013-10-16,2465,467
913,2013-10-17,2465,1166
914,2013-10-18,2465,1595
915,2013-10-21,2465,2319
916,2013-10-22,2465,998
917,2013-10-23,2465,480
918,2013-10-24,2465,1117
919,2013-10-25,2465,569
920,2013-10-28,2465,1305
921,2013-10-29,2465,451
922,2013-10-30,2465,2253
923,2013-10-31,2465,1041
924,2013-11-01,2465,1389
925,2013-11-04,2465,1715
926,2013-11-05,2465,2152
927,2013-11-06,2465,946
928,2013-11-07,2465,808
929,2013-11-08,2465,775
930,2013-11-11,2465,1903
931,2013-11-12,2465,1994
932,2013-11-13,2465,498
933,2013-11-14,2465,2150
934,2013-11-15,2465,2342
935,2013-11-18,2465,2241
936,2013-11-19,2465,1382
937,2013-11-20,2465,1733
938,2013-11-21,2465,1148
939,2013-11-22,2465,1043
940,2013-11-25,2465,1450
941,2013-11-26,2465,1556
942,2013-11-27,2465,2088
943,2013-11-28,2465,1754
944,2013-11-29,2465,1661
945,2013-12-02,2465,479
946,2013-12-03,2465,2366
947,2013-12-04,2465,2125
948,2013-12-05,2465,1367
949,2013-12-06,2465,1331
950,2013-12-09,2465,1740
951,2013-12-10,2465,1207
952,2013-12-11,2465,781
953,2013-12-12,2465,1759
954,2013-12-13,2465,1861
955,2013-12-16,2465,591
956,2013-12-17,2465,1013
957,2013-12-18,2465,1297
958,2013-12-19,2466,629
959,2013-12-20,2466,666
960,2013-12-23,2466,1102
961,2013-12-24,2466,1839
962,2013-12-25,2466,2104
963,2013-12-26,2466,503
964,2013-12-27,2466,2326
965,2013-12-30,2466,1286
966,2013-12-31,2466,1677
967,2014-01-02,2466,1802
968,2014-01-03,2466,986
969,2014-01-06,2466,393
970,2014-01-07,2466,1930
971,2014-01-08,2466,1264
972,2014-01-09,2466,632
973,2014-01-10,2466,758
974,2014-01-13,2466,1340
975,2014-01-14,2466,2280
976,2014-01-15,2466,1638
977,2014-01-16,2466,1459
978,2014-01-17,2467,830
979,2014-01-20,2467,1110
980,2014-01-21,2475,2217
981,2014-01-22,2476,2357
982,2014-01-23,2484,1518
983,2014-01-24,2485,2185
984,2014-01-27,2493,1214
985,2014-01-28,2502,1207
986,2014-01-29,2509,1721
987,2014-01-30,2509,973
988,2014-02-07,2509,2339
989,2014-02-10,2510,2373
990,2014-02-11,2511,1506
991,2014-02-12,2511,1947
992,2014-02-13,2511,652
993,2014-02-14,2511,2334
994,2014-02-17,2511,2072
995,2014-02-18,2511,1090
996,2014-02-19,2514,1436
997,2014-02-20,2514,723
998,2014-02-21,2514,1133
999,2014-02-24,2514,1472
1000,2014-02-25,2514,336
1001,2014-02-26,2514,1933
1002,2014-02-27,2514,755
1003,2014-02-28,2514,2058
1004,2014-03-03,2514,2275
1005,2014-03-04,2514,1458
1006,2014-03-05,2514,1002
1007,2014-03-06,2514,1519
1008,2014-03-07,2514,1067
1009,2014-03-10,2514,401
1010,2014-03-11,2514,1682
1011,2014-03-12,2514,1494
1012,2014-03-13,2514,2127
1013,2014-03-14,2514,1335
1014,2014-03-17,2514,2316
1015,2014-03-18,2514,1529
1016,2014-03-19,2514,1454
1017,2014-03-20,2514,479
1018,2014-03-21,2514,2371
1019,2014-03-24,2514,1707
1020,2014-03-25,2514,1536
1021,2014-03-26,2514,1397
1022,2014-03-27,2514,656
1023,2014-03-28,2514,745
1024,2014-03-31,2514,1173
1025,2014-04-01,2514,2344
1026,2014-04-02,2514,1249
1027,2014-04-03,2514,1315
1028,2014-04-04,2514,2318
1029,2014-04-08,2514,2291
1030,2014-04-09,2514,1900
1031,2014-04-10,2514,1489
1032,2014-04-11,2514,1289
1033,2014-04-14,2514,1925
1034,2014-04-15,2514,896
1035,2014-04-16,2514,1686
1036,2014-04-17,2514,1234
1037,2014-04-18,2514,1810
1038,2014-04-21,2514,808
1039,2014-04-22,2514,1152
1040,2014-04-23,2514,1346
1041,2014-04-24,2514,923
1042,2014-04-25,2514,557
1043,2014-04-28,2514,517
1044,2014-04-29,2514,2266
1045,2014-04-30,2514,1969
1046,2014-05-05,2514,2105
1047,2014-05-06,2514,1912
1048,2014-05-07,2514,677
1049,2014-05-08,2514,1771
1050,2014-05-09,2514,991
1051,2014-05-12,2514,2337
1052,2014-05-13,2514,1303
1053,2014-05-14,2514,1339
1054,2014-05-15,2514,540
1055,2014-05-16,2514,1569
1056,2014-05-19,2514,1218
1057,2014-05-20,2514,1230
1058,2014-05-21,2514,2300
1059,2014-05-22,2514,1150
1060,2014-05-23,2514,2201
1061,2014-05-26,2514,1954
1062,2014-05-27,2514,975
1063,2014-05-28,2514,2216
1064,2014-05-29,2514,653
1065,2014-05-30,2514,1590
1066,2014-06-03,2514,1217
1067,2014-06-04,2514,866
1068,2014-06-05,2513,2314
1069,2014-06-06,2513,1047
1070,2014-06-09,2513,1177
1071,2014-06-10,2513,2253
1072,2014-06-11,2513,1829
1073,2014-06-12,2513,1248
1074,2014-06-13,2513,2263
1075,2014-06-16,2513,1789
1076,2014-06-17,2513,780
1077,2014-06-18,2513,911
1078,2014-06-19,2513,389
1079,2014-06-20,2513,2178
1080,2014-06-23,2513,1929
1081,2014-06-24,2513,1980
1082,2014-06-25,2513,1076
1083,2014-06-26,2516,2308
1084,2014-06-27,2516,1903
1085,2014-06-30,2517,1899
1086,2014-07-01,2518,1672
1087,2014-07-02,2521,1708
1088,2014-07-03,2522,1781
1089,2014-07-04,2522,1253
1090,2014-07-07,2522,1402
1091,2014-07-08,2522,1831
1092,2014-07-09,2522,652
1093,2014-07-10,2522,1676
1094,2014-07-11,2522,2044
1095,2014-07-14,2522,2141
1096,2014-07-15,2522,1251
1097,2014-07-16,2522,1028
1098,2014-07-17,2522,1242
1099,2014-07-18,2523,1740
1100,2014-07-21,2523,1171
1101,2014-07-22,2523,2329
1102,2014-07-23,2523,906
1103,2014-07-24,2523,1410
1104,2014-07-25,2523,2108
1105,2014-07-28,2523,2332
1106,2014-07-29,2523,1929
1107,2014-07-30,2523,1739
1108,2014-07-31,2526,1996
1109,2014-08-01,2531,825
1110,2014-08-04,2531,2296
1111,2014-08-05,2532,1773
1112,2014-08-06,2532,1757
1113,2014-08-07,2532,753
1114,2014-08-08,2533,1938
1115,2014-08-11,2533,2285
1116,2014-08-12,2533,1606
1117,2014-08-13,2533,1297
1118,2014-08-14,2533,1041
1119,2014-08-15,2533,2219
1120,2014-08-18,2533,2160
1121,2014-08-19,2533,1432
1122,2014-08-20,2533,1346
1123,2014-08-21,2533,1245
1124,2014-08-22,2534,1899
1125,2014-08-25,2535,967
1126,2014-08-26,2535,608
1127,2014-08-27,2535,1850
1128,2014-08-28,2535,943
1129,2014-08-29,2535,2258
1130,2014-09-01,2535,2378
1131,2014-09-02,2535,2287
1132,2014-09-03,2535,1770
1133,2014-09-04,2535,1983
1134,2014-09-05,2536,1540
1135,2014-09-09,2537,1589
1136,2014-09-10,2541,1862
1137,2014-09-11,2541,1226
1138,2014-09-12,2543,2230
1139,2014-09-15,2543,1916
1140,2014-09-16,2543,421
1141,2014-09-17,2543,1853
1142,2014-09-18,2543,1933
1143,2014-09-19,2543,2012
1144,2014-09-22,2543,838
1145,2014-09-23,2543,2288
1146,2014-09-24,2543,2322
1147,2014-09-25,2543,1038
1148,2014-09-26,2544,1804
1149,2014-09-29,2545,1863
1150,2014-09-30,2546,1626
1151,2014-10-08,2546,1940
1152,2014-10-09,2551,1306
1153,2014-10-10,2555,1193
1154,2014-10-13,2556,1487
1155,2014-10-14,2556,1264
1156,2014-10-15,2557,1653
1157,2014-10-16,2557,897
1158,2014-10-17,2557,928
1159,2014-10-20,2557,2179
1160,2014-10-21,2557,937
1161,2014-10-22,2557,763
1162,2014-10-23,2557,763
1163,2014-10-24,2557,1631
1164,2014-10-27,2557,2052
1165,2014-10-28,2557,2493
1166,2014-10-29,2557,2090
1167,2014-10-30,2560,1358
1168,2014-10-31,2561,1309
1169,2014-11-03,2561,1912
1170,2014-11-04,2564,1129
1171,2014-11-05,2565,1361
1172,2014-11-06,2566,1895
1173,2014-11-07,2567,810
1174,2014-11-10,2567,1835
1175,2014-11-11,2568,465
1176,2014-11-12,2568,2414
1177,2014-11-13,2568,845
1178,2014-11-14,2568,1508
1179,2014-11-17,2568,1994
1180,2014-11-18,2568,1707
1181,2014-11-19,2568,1779
1182,2014-11-20,2568,1473
1183,2014-11-21,2568,2178
1184,2014-11-24,2568,1551
1185,2014-11-25,2568,2185
1186,2014-11-26,2568,1500
1187,2014-11-27,2569,1552
1188,2014-11-28,2569,1244
1189,2014-12-01,2569,1014
1190,2014-12-02,2569,2246
1191,2014-12-03,2575,1726
1192,2014-12-04,2576,2070
1193,2014-12-05,2578,592
1194,2014-12-08,2578,1666
1195,2014-12-09,2579,499
1196,2014-12-10,2579,2533
1197,2014-12-11,2580,2139
1198,2014-12-12,2580,1855
1199,2014-12-15,2580,2201
1200,2014-12-16,2580,1108
1201,2014-12-17,2580,803
1202,2014-12-18,2580,1298
1203,2014-12-19,2580,903
1204,2014-12-22,2580,572
1205,2014-12-23,2580,1210
1206,2014-12-24,2580,2164
1207,2014-12-25,2580,2005
1208,2014-12-26,2580,1612
1209,2014-12-29,2582,794
1210,2014-12-30,2585,889
1211,2014-12-31,2590,2008
1212,2015-01-05,2587,1864
1213,2015-01-06,2587,2153
1214,2015-01-07,2587,1338
1215,2015-01-08,2587,1279
1216,2015-01-09,2587,1025
1217,2015-01-12,2587,946
1218,2015-01-13,2587,2219
1219,2015-01-14,2587,1050
1220,2015-01-15,2587,1982
1221,2015-01-16,2587,2017
1222,2015-01-19,2587,1112
1223,2015-01-20,2588,2549
1224,2015-01-21,2592,2321
1225,2015-01-22,2598,2184
1226,2015-01-23,2601,856
1227,2015-01-26,2603,2388
1228,2015-01-27,2606,1510
1229,2015-01-28,2608,1274
1230,2015-01-29,2609,1436
1231,2015-01-30,2609,868
1232,2015-02-02,2609,1701
1233,2015-02-03,2609,2240
1234,2015-02-04,2609,1042
1235,2015-02-05,2609,837
1236,2015-02-06,2609,698
1237,2015-02-09,2609,1347
1238,2015-02-10,2609,2175
1239,2015-02-11,2609,1989
1240,2015-02-12,2609,1933
1241,2015-02-13,2609,2167
1242,2015-02-16,2612,2299
1243,2015-02-17,2626,1449
1244,2015-02-25,2627,1220
1245,2015-02-26,2629,2023
1246,2015-02-27,2630,1937
1247,2015-03-02,2632,2114
1248,2015-03-03,2633,1155
1249,2015-03-04,2633,2255
1250,2015-03-05,2633,1506
1251,2015-03-06,2633,992
1252,2015-03-09,2633,2266
1253,2015-03-10,2633,1992
1254,2015-03-11,2633,1222
1255,2015-03-12,2633,1205
1256,2015-03-13,2633,2116
1257,2015-03-16,2633,2525
1258,2015-03-17,2633,1757
1259,2015-03-18,2634,2360
1260,2015-03-19,2642,1641
1261,2015-03-20,2647,1806
1262,2015-03-23,2648,2328
1263,2015-03-24,2652,1228
1264,2015-03-25,2654,1754
1265,2015-03-26,2657,1315
1266,2015-03-27,2657,2055
1267,2015-03-30,2657,1797
1268,2015-03-31,2657,1364
1269,2015-04-01,2657,2559
1270,2015-04-02,2657,2109
1271,2015-04-03,2657,2350
1272,2015-04-07,2657,2155
1273,2015-04-08,2657,968
1274,2015-04-09,2657,986
1275,2015-04-10,2657,2542
1276,2015-04-13,2657,2171
1277,2015-04-14,2657,1356
1278,2015-04-15,2657,698
1279,2015-04-16,2657,2438
1280,2015-04-17,2657,1376
1281,2015-04-20,2657,970
1282,2015-04-21,2657,2562
1283,2015-04-22,2667,2401
1284,2015-04-23,2675,1616
1285,2015-04-24,2685,1788
1286,2015-04-27,2686,1512
1287,2015-04-28,2687,702
1288,2015-04-29,2687,2476
1289,2015-04-30,2687,1362
1290,2015-05-04,2687,1753
1291,2015-05-05,2687,762
1292,2015-05-06,2687,1031
1293,2015-05-07,2687,1091
1294,2015-05-08,2687,2562
1295,2015-05-11,2687,2593
1296,2015-05-12,2687,2001
1297,2015-05-13,2690,1890
1298,2015-05-14,2693,1680
1299,2015-05-15,2704,1296
1300,2015-05-18,2709,2201
1301,2015-05-19,2711,2256
1302,2015-05-20,2709,1943
1303,2015-05-21,2707,2481
1304,2015-05-22,2707,1615
1305,2015-05-25,2707,2538
1306,2015-05-26,2707,2423
1307,2015-05-27,2716,1676
1308,2015-05-28,2723,656
1309,2015-05-29,2726,1937
1310,2015-06-01,2727,2585
1311,2015-06-02,2727,2372
1312,2015-06-03,2727,1443
1313,2015-06-04,2727,1268
1314,2015-06-05,2727,1642
1315,2015-06-08,2727,1242
1316,2015-06-09,2727,1703
1317,2015-06-10,2735,2461
1318,2015-06-11,2744,2122
1319,2015-06-12,2750,1896
1320,2015-06-15,2750,1143
1321,2015-06-16,2750,957
1322,2015-06-17,2750,2293
1323,2015-06-18,2750,803
1324,2015-06-19,2750,693
1325,2015-06-23,2750,1874
1326,2015-06-24,2750,2151
1327,2015-06-25,2750,726
1328,2015-06-26,2755,508
1329,2015-06-29,2761,553
1330,2015-06-30,2770,2747
1331,2015-07-01,2773,694
1332,2015-07-02,2775,644
1333,2015-07-03,2775,1047
1334,2015-07-06,2775,639
1335,2015-07-07,2775,1185
1336,2015-07-08,2775,2719
1337,2015-07-09,2775,2775
1338,2015-07-10,2775,2775
1339,2015-07-13,2774,2752
1340,2015-07-14,2774,2161
1341,2015-07-15,2774,914
1342,2015-07-16,2774,2664
1343,2015-07-17,2774,2759
1344,2015-07-20,2774,2236
1345,2015-07-21,2774,2663
1346,2015-07-22,2774,2074
1347,2015-07-23,2774,2707
1348,2015-07-24,2774,1040
1349,2015-07-27,2774,615
1350,2015-07-28,2774,2225
1351,2015-07-29,2774,2669
1352,2015-07-30,2774,909
1353,2015-07-31,2774,1786
1354,2015-08-03,2774,1143
1355,2015-08-04,2774,2718
1356,2015-08-05,2774,1305
1357,2015-08-06,2774,2342
1358,2015-08-07,2774,2657
1359,2015-08-10,2774,2748
1360,2015-08-11,2774,1815
1361,2015-08-12,2775,1349
1362,2015-08-13,2775,2698
1363,2015-08-14,2775,1491
1364,2015-08-17,2775,2183
1365,2015-08-18,2776,559
1366,2015-08-19,2776,2764
1367,2015-08-20,2776,921
1368,2015-08-21,2776,674
1369,2015-08-24,2776,589
1370,2015-08-25,2776,1923
1371,2015-08-26,2776,1036
1372,2015-08-27,2776,2380
1373,2015-08-28,2776,2758
1374,2015-08-31,2776,909
1375,2015-09-01,2776,774
1376,2015-09-02,2776,2109
1377,2015-09-07,2776,1828
1378,2015-09-08,2776,2759
1379,2015-09-09,2776,2704
1380,2015-09-10,2776,1405
1381,2015-09-11,2776,2254
1382,2015-09-14,2776,562
1383,2015-09-15,2776,842
1384,2015-09-16,2776,2774
1385,2015-09-17,2776,877
1386,2015-09-18,2776,2030
1387,2015-09-21,2776,2761
1388,2015-09-22,2776,1819
1389,2015-09-23,2776,1750
1390,2015-09-24,2776,2293
1391,2015-09-25,2776,706
1392,2015-09-28,2776,2534
1393,2015-09-29,2776,1385
1394,2015-09-30,2776,1516
1395,2015-10-08,2776,2188
1396,2015-10-09,2776,2483
1397,2015-10-12,2776,2710
1398,2015-10-13,2776,2584
1399,2015-10-14,2776,1079
1400,2015-10-15,2776,2759
1401,2015-10-16,2776,1917
1402,2015-10-19,2776,1325
1403,2015-10-20,2776,2522
1404,2015-10-21,2776,574
1405,2015-10-22,2776,2759
1406,2015-10-23,2776,2550
1407,2015-10-26,2776,1445
1408,2015-10-27,2776,2087
1409,2015-10-28,2776,980
1410,2015-10-29,2776,1683
1411,2015-10-30,2776,1494
1412,2015-11-02,2776,1582
1413,2015-11-03,2776,1466
1414,2015-11-04,2776,2765
1415,2015-11-05,2776,1530
1416,2015-11-06,2776,2697
1417,2015-11-09,2776,2503
1418,2015-11-10,2776,2085
1419,2015-11-11,2776,2303
1420,2015-11-12,2776,1404
1421,2015-11-13,2776,1060
1422,2015-11-16,2776,2750
1423,2015-11-17,2776,885
1424,2015-11-18,2776,797
1425,2015-11-19,2776,2672
1426,2015-11-20,2776,1974
1427,2015-11-23,2776,1222
1428,2015-11-24,2776,2058
1429,2015-11-25,2776,2398
1430,2015-11-26,2776,1142
1431,2015-11-27,2776,467
1432,2015-11-30,2776,1609
1433,2015-12-01,2776,1769
1434,2015-12-02,2776,1319
1435,2015-12-03,2776,2672
1436,2015-12-04,2777,1386
1437,2015-12-07,2777,2074
1438,2015-12-08,2777,877
1439,2015-12-09,2783,1469
1440,2015-12-10,2787,1345
1441,2015-12-11,2787,1331
1442,2015-12-14,2787,2637
1443,2015-12-15,2787,2021
1444,2015-12-16,2787,1598
1445,2015-12-17,2787,2639
1446,2015-12-18,2787,1246
1447,2015-12-21,2787,2190
1448,2015-12-22,2793,1838
1449,2015-12-23,2796,938
1450,2015-12-24,2797,1530
1451,2015-12-25,2797,1945
1452,2015-12-28,2797,630
1453,2015-12-29,2797,2286
1454,2015-12-30,2797,1967
1455,2015-12-31,2804,753
1456,2016-01-04,2804,304
1457,2016-01-05,2804,2561
1458,2016-01-06,2805,2644
1459,2016-01-07,2805,285
1460,2016-01-08,2805,990
1461,2016-01-11,2805,446
1462,2016-01-12,2805,1743
1463,2016-01-13,2805,431
1464,2016-01-14,2805,2800
1465,2016-01-15,2805,566
1466,2016-01-18,2805,2756
1467,2016-01-19,2805,2796
1468,2016-01-20,2805,1353
1469,2016-01-21,2805,573
1470,2016-01-22,2805,1911
1471,2016-01-25,2805,1725
1472,2016-01-26,2805,317
1473,2016-01-27,2805,973
1474,2016-01-28,2805,563
1475,2016-01-29,2805,2776
1476,2016-02-01,2805,1068
1477,2016-02-02,2806,2790
1478,2016-02-03,2806,2539
1479,2016-02-04,2808,2619
1480,2016-02-05,2809,779
1481,2016-02-15,2810,2767
1482,2016-02-16,2810,2794
1483,2016-02-17,2810,2458
1484,2016-02-18,2812,929
1485,2016-02-19,2812,2158
1486,2016-02-22,2812,2134
1487,2016-02-23,2812,1042
1488,2016-02-24,2812,1992
1489,2016-02-25,2812,318
1490,2016-02-26,2812,1151
1491,2016-02-29,2812,432
1492,2016-03-01,2812,2640
1493,2016-03-02,2812,2811
1494,2016-03-03,2813,1625
1495,2016-03-04,2813,680
1496,2016-03-07,2814,2393
1497,2016-03-08,2815,1861
1498,2016-03-09,2817,1495
1499,2016-03-10,2818,563
1500,2016-03-11,2819,2253
1501,2016-03-14,2819,2750
1502,2016-03-15,2820,1155
1503,2016-03-16,2821,631
1504,2016-03-17,2821,2773
1505,2016-03-18,2821,2749
1506,2016-03-21,2821,2485
1507,2016-03-22,2823,1704
1508,2016-03-23,2823,2440
1509,2016-03-24,2824,1069
1510,2016-03-25,2824,2286
1511,2016-03-28,2825,944
1512,2016-03-29,2827,706
1513,2016-03-30,2827,2778
1514,2016-03-31,2829,1361
1515,2016-04-01,2829,1440
1516,2016-04-05,2829,2772
1517,2016-04-06,2830,2088
1518,2016-04-07,2830,715
1519,2016-04-08,2829,1465
1520,2016-04-11,2829,2422
1521,2016-04-12,2830,1143
1522,2016-04-13,2830,2269
1523,2016-04-14,2830,2024
1524,2016-04-15,2831,1387
1525,2016-04-18,2832,979
1526,2016-04-19,2833,1409
1527,2016-04-20,2832,471
1528,2016-04-21,2833,1072
1529,2016-04-22,2833,2544
1530,2016-04-25,2834,1412
1531,2016-04-26,2834,2571
1532,2016-04-27,2835,1147
1533,2016-04-28,2837,1270
1534,2016-04-29,2838,1897
1535,2016-05-03,2839,2798
1536,2016-05-04,2840,1853
1537,2016-05-05,2840,2232
1538,2016-05-06,2842,415
1539,2016-05-09,2842,597
1540,2016-05-10,2842,1804
1541,2016-05-11,2843,854
1542,2016-05-12,2842,2115
1543,2016-05-13,2842,1480
1544,2016-05-16,2843,2733
1545,2016-05-17,2844,1296
1546,2016-05-18,2844,593
1547,2016-05-19,2845,2062
1548,2016-05-20,2845,2708
1549,2016-05-23,2845,2556
1550,2016-05-24,2845,915
1551,2016-05-25,2846,795
1552,2016-05-26,2847,2032
1553,2016-05-27,2847,1727
1554,2016-05-30,2849,1597
1555,2016-05-31,2849,2843
1556,2016-06-01,2849,1851
1557,2016-06-02,2850,2415
1558,2016-06-03,2851,1761
1559,2016-06-06,2852,1418
1560,2016-06-07,2853,1491
1561,2016-06-08,2855,1292
1562,2016-06-13,2855,492
1563,2016-06-14,2855,2189
1564,2016-06-15,2856,2854
1565,2016-06-16,2856,1276
1566,2016-06-17,2856,1990
1567,2016-06-20,2856,1710
1568,2016-06-21,2856,743
1569,2016-06-22,2857,2709
1570,2016-06-23,2857,1225
1571,2016-06-24,2859,912
1572,2016-06-27,2859,2829
1573,2016-06-28,2860,2464
1574,2016-06-29,2862,1458
1575,2016-06-30,2862,1451
1576,2016-07-01,2863,1307
1577,2016-07-04,2863,2809
1578,2016-07-05,2865,1789
1579,2016-07-06,2866,1957
1580,2016-07-07,2867,1543
1581,2016-07-08,2868,1402
1582,2016-07-11,2868,1127
1583,2016-07-12,2870,2310
1584,2016-07-13,2870,1927
1585,2016-07-14,2870,1718
1586,2016-07-15,2870,1212
1587,2016-07-18,2870,1268
1588,2016-07-19,2871,2027
1589,2016-07-20,2871,1461
1590,2016-07-21,2871,1642
1591,2016-07-22,2871,883
1592,2016-07-25,2871,1870
1593,2016-07-26,2874,2623
1594,2016-07-27,2874,413
1595,2016-07-28,2875,1636
1596,2016-07-29,2875,1084
1597,2016-08-01,2876,943
1598,2016-08-02,2879,2562
1599,2016-08-03,2879,2031
1600,2016-08-04,2879,2230
1601,2016-08-05,2880,1077
1602,2016-08-08,2882,2608
1603,2016-08-09,2885,2520
1604,2016-08-10,2886,1184
1605,2016-08-11,2886,657
1606,2016-08-12,2889,2671
1607,2016-08-15,2890,2819
1608,2016-08-16,2891,2018
1609,2016-08-17,2892,1802
1610,2016-08-18,2895,1531
1611,2016-08-19,2896,1632
1612,2016-08-22,2900,811
1613,2016-08-23,2902,1963
1614,2016-08-24,2899,1646
1615,2016-08-25,2899,1240
1616,2016-08-26,2905,1718
1617,2016-08-29,2905,1916
1618,2016-08-30,2907,1494
1619,2016-08-31,2908,1658
1620,2016-09-01,2909,875
1621,2016-09-02,2910,1455
1622,2016-09-05,2911,1691
1623,2016-09-06,2911,2671
1624,2016-09-07,2911,1379
1625,2016-09-08,2913,2015
1626,2016-09-09,2914,933
1627,2016-09-12,2915,885
1628,2016-09-13,2918,1653
1629,2016-09-14,2920,1639
1630,2016-09-19,2921,2573
1631,2016-09-20,2923,1362
1632,2016-09-21,2919,1921
1633,2016-09-22,2923,1356
1634,2016-09-23,2923,1134
1635,2016-09-26,2924,538
1636,2016-09-27,2924,2488
1637,2016-09-28,2927,1188
1638,2016-09-29,2927,1838
1639,2016-09-30,2930,2272
1640,2016-10-10,2931,2611
1641,2016-10-11,2932,2074
1642,2016-10-12,2936,1924
1643,2016-10-13,2937,1569
1644,2016-10-14,2938,1571
1645,2016-10-17,2939,773
1646,2016-10-18,2942,2836
1647,2016-10-19,2942,1210
1648,2016-10-20,2942,1648
1649,2016-10-21,2945,1185
1650,2016-10-24,2945,2444
1651,2016-10-25,2948,1873
1652,2016-10-26,2949,1148
1653,2016-10-27,2950,1667
1654,2016-10-28,2951,896
1655,2016-10-31,2952,1793
1656,2016-11-01,2955,2618
1657,2016-11-02,2955,1096
1658,2016-11-03,2955,2481
1659,2016-11-04,2956,1465
1660,2016-11-07,2958,1636
1661,2016-11-08,2959,1893
1662,2016-11-09,2961,945
1663,2016-11-10,2962,2330
1664,2016-11-11,2964,1980
1665,2016-11-14,2965,2068
1666,2016-11-15,2966,1939
1667,2016-11-16,2968,1425
1668,2016-11-17,2970,1442
1669,2016-11-18,2973,1250
1670,2016-11-21,2974,2037
1671,2016-11-22,2977,2374
1672,2016-11-23,2978,963
1673,2016-11-24,2980,1186
1674,2016-11-25,2982,1839
1675,2016-11-28,2982,1392
1676,2016-11-29,2985,982
1677,2016-11-30,2986,1625
1678,2016-12-01,2988,2056
1679,2016-12-02,2989,635
1680,2016-12-05,2989,2053
1681,2016-12-06,2992,1641
1682,2016-12-07,2993,2636
1683,2016-12-08,2996,923
1684,2016-12-09,2999,1444
1685,2016-12-12,3000,340
1686,2016-12-13,3004,2169
1687,2016-12-14,3005,1204
1688,2016-12-15,3006,2664
1689,2016-12-16,3008,2446
1690,2016-12-19,3009,1495
1691,2016-12-20,3013,1657
1692,2016-12-21,3015,2401
1693,2016-12-22,3016,1497
1694,2016-12-23,3015,798
1695,2016-12-26,3020,2336
1696,2016-12-27,3021,1776
1697,2016-12-28,3026,1241
1698,2016-12-29,3029,1533
1699,2016-12-30,3031,1760
1700,2017-01-03,3033,2516
1701,2017-01-04,3035,2629
1702,2017-01-05,3039,1545
1703,2017-01-06,3042,1151
1704,2017-01-09,3043,2284
1705,2017-01-10,3047,1337
1706,2017-01-11,3050,854
1707,2017-01-12,3054,958
1708,2017-01-13,3058,798
1709,2017-01-16,3059,619
1710,2017-01-17,3058,2682
1711,2017-01-18,3062,1460
1712,2017-01-19,3066,1612
1713,2017-01-20,3071,2970
1714,2017-01-23,3074,2514
1715,2017-01-24,3076,1287
1716,2017-01-25,3081,2337
1717,2017-01-26,3084,2304
1718,2017-02-03,3084,1177
1719,2017-02-06,3086,2742
1720,2017-02-07,3089,1582
1721,2017-02-08,3094,2699
1722,2017-02-09,3097,2540
1723,2017-02-10,3098,1386
1724,2017-02-13,3103,2471
1725,2017-02-14,3103,1495
1726,2017-02-15,3107,1000
1727,2017-02-16,3107,2408
1728,2017-02-17,3109,929
1729,2017-02-20,3112,2434
1730,2017-02-21,3113,2530
1731,2017-02-22,3115,1971
1732,2017-02-23,3115,1594
1733,2017-02-24,3115,2235
1734,2017-02-27,3115,1025
1735,2017-02-28,3116,2296
1736,2017-03-01,3117,1991
1737,2017-03-02,3118,977
1738,2017-03-03,3118,2114
1739,2017-03-06,3122,2796
1740,2017-03-07,3124,1908
1741,2017-03-08,3125,1203
1742,2017-03-09,3125,1049
1743,2017-03-10,3129,1691
1744,2017-03-13,3131,2566
1745,2017-03-14,3134,1393
1746,2017-03-15,3136,1669
1747,2017-03-16,3137,2770
1748,2017-03-17,3141,859
1749,2017-03-20,3144,2161
1750,2017-03-21,3143,1890
1751,2017-03-22,3143,1546
1752,2017-03-23,3149,1623
1753,2017-03-24,3154,2127
1754,2017-03-27,3155,1435
1755,2017-03-28,3158,1446
1756,2017-03-29,3159,1040
1757,2017-03-30,3161,712
1758,2017-03-31,3164,2071
1759,2017-04-05,3165,2912
1760,2017-04-06,3168,1872
1761,2017-04-07,3170,1565
1762,2017-04-10,3172,1117
1763,2017-04-11,3173,2393
1764,2017-04-12,3177,1166
1765,2017-04-13,3180,2186
1766,2017-04-14,3182,771
1767,2017-04-17,3184,1154
1768,2017-04-18,3187,1031
1769,2017-04-19,3187,1401
1770,2017-04-20,3189,1514
1771,2017-04-21,3190,1480
1772,2017-04-24,3190,714
1773,2017-04-25,3193,2078
1774,2017-04-26,3200,2076
1775,2017-04-27,3202,2358
1776,2017-04-28,3202,2507
1777,2017-05-02,3203,1798
1778,2017-05-03,3207,1782
1779,2017-05-04,3208,1501
1780,2017-05-05,3211,1083
1781,2017-05-08,3211,932
1782,2017-05-09,3214,2651
1783,2017-05-10,3216,726
1784,2017-05-11,3219,1810
1785,2017-05-12,3220,1792
1786,2017-05-15,3223,1771
1787,2017-05-16,3226,3080
1788,2017-05-17,3228,2201
1789,2017-05-18,3228,1849
1790,2017-05-19,3226,1655
1791,2017-05-22,3233,784
1792,2017-05-23,3235,714
1793,2017-05-24,3237,2590
1794,2017-05-25,3239,2591
1795,2017-05-26,3240,1952
1796,2017-05-31,3241,835
1797,2017-06-01,3243,734
1798,2017-06-02,3246,2835
1799,2017-06-05,3247,2428
1800,2017-06-06,3249,2561
1801,2017-06-07,3250,3185
1802,2017-06-08,3252,1471
1803,2017-06-09,3252,1947
1804,2017-06-12,3252,926
1805,2017-06-13,3255,3039
1806,2017-06-14,3256,1837
1807,2017-06-15,3259,2938
1808,2017-06-16,3261,1475
1809,2017-06-19,3264,2563
1810,2017-06-20,3266,1535
1811,2017-06-21,3267,1548
1812,2017-06-22,3269,705
1813,2017-06-23,3269,1935
1814,2017-06-26,3270,2931
1815,2017-06-27,3274,1919
1816,2017-06-28,3275,1144
1817,2017-06-29,3276,2348
1818,2017-06-30,3277,2330
1819,2017-07-03,3279,2628
1820,2017-07-04,3279,1445
1821,2017-07-05,3281,2832
1822,2017-07-06,3282,1698
1823,2017-07-07,3282,2369
1824,2017-07-10,3283,1427
1825,2017-07-11,3286,989
1826,2017-07-12,3288,1660
1827,2017-07-13,3288,1891
1828,2017-07-14,3289,1423
1829,2017-07-17,3291,465
1830,2017-07-18,3292,2811
1831,2017-07-19,3294,2929
1832,2017-07-20,3295,2131
1833,2017-07-21,3298,1772
1834,2017-07-24,3298,2547
1835,2017-07-25,3300,1555
1836,2017-07-26,3300,1541
1837,2017-07-27,3300,2774
1838,2017-07-28,3303,1562
1839,2017-07-31,3300,2276
1840,2017-08-01,3309,1847
1841,2017-08-02,3313,979
1842,2017-08-03,3314,2470
1843,2017-08-04,3315,1343
1844,2017-08-07,3311,2632
1845,2017-08-08,3320,1964
1846,2017-08-09,3322,1894
1847,2017-08-10,3324,1087
1848,2017-08-11,3326,1252
1849,2017-08-14,3326,3170
1850,2017-08-15,3326,2111
1851,2017-08-16,3327,2451
1852,2017-08-17,3329,2581
1853,2017-08-18,3331,1905
1854,2017-08-21,3334,2601
1855,2017-08-22,3337,1174
1856,2017-08-23,3338,1484
1857,2017-08-24,3339,1188
1858,2017-08-25,3341,3079
1859,2017-08-28,3340,2936
1860,2017-08-29,3341,1558
1861,2017-08-30,3341,1937
1862,2017-08-31,3342,2265
1863,2017-09-01,3344,2084
1864,2017-09-04,3345,2063
1865,2017-09-05,3346,1791
1866,2017-09-06,3347,2248
1867,2017-09-07,3350,1422
1868,2017-09-08,3352,2015
1869,2017-09-11,3353,2612
1870,2017-09-12,3356,1224
1871,2017-09-13,3357,2317
1872,2017-09-14,3357,1556
1873,2017-09-15,3361,1552
1874,2017-09-18,3362,2576
1875,2017-09-19,3364,1377
1876,2017-09-20,3365,2675
1877,2017-09-21,3367,969
1878,2017-09-22,3370,1629
1879,2017-09-25,3371,990
1880,2017-09-26,3374,1922
1881,2017-09-27,3375,2593
1882,2017-09-28,3376,1282
1883,2017-09-29,3379,2601
1884,2017-10-09,3379,1794
1885,2017-10-10,3381,2655
1886,2017-10-11,3381,1511
1887,2017-10-12,3382,1574
1888,2017-10-13,3385,2424
1889,2017-10-16,3388,697
1890,2017-10-17,3389,2125
1891,2017-10-18,3390,1039
1892,2017-10-19,3392,1141
1893,2017-10-20,3396,2962
1894,2017-10-23,3397,2505
1895,2017-10-24,3398,1302
1896,2017-10-25,3400,2775
1897,2017-10-26,3402,2399
1898,2017-10-27,3402,1216
1899,2017-10-30,3403,710
1900,2017-10-31,3406,2797
1901,2017-11-01,3409,1802
1902,2017-11-02,3410,1085
1903,2017-11-03,3411,1306
1904,2017-11-06,3416,2692
1905,2017-11-07,3417,2289
1906,2017-11-08,3417,2279
1907,2017-11-09,3419,2493
1908,2017-11-10,3423,1826
1909,2017-11-13,3425,1664
1910,2017-11-14,3425,1204
1911,2017-11-15,3427,1412
1912,2017-11-16,3430,1580
1913,2017-11-17,3432,547
1914,2017-11-20,3433,2256
1915,2017-11-21,3436,1775
1916,2017-11-22,3438,1774
1917,2017-11-23,3438,605
1918,2017-11-24,3438,2419
1919,2017-11-27,3440,1240
1920,2017-11-28,3441,3181
1921,2017-11-29,3441,1739
1922,2017-11-30,3442,1676
1923,2017-12-01,3445,2807
1924,2017-12-04,3446,994
1925,2017-12-05,3448,727
1926,2017-12-06,3448,2857
1927,2017-12-07,3448,1907
1928,2017-12-08,3450,3074
1929,2017-12-11,3450,2842
1930,2017-12-12,3452,858
1931,2017-12-13,3453,2857
1932,2017-12-14,3453,1925
1933,2017-12-15,3454,1684
1934,2017-12-18,3456,1441
1935,2017-12-19,3457,2750
1936,2017-12-20,3457,1020
1937,2017-12-21,3457,2050
1938,2017-12-22,3457,1716
1939,2017-12-25,3458,1061
1940,2017-12-26,3459,2805
1941,2017-12-27,3461,1518
1942,2017-12-28,3461,2418
1943,2017-12-29,3465,2695
1944,2018-01-02,3465,2714
1945,2018-01-03,3466,2696
1946,2018-01-04,3466,1917
1947,2018-01-05,3469,1976
1948,2018-01-08,3469,1843
1949,2018-01-09,3470,1731
1950,2018-01-10,3470,1100
1951,2018-01-11,3470,2679
1952,2018-01-12,3470,1502
1953,2018-01-15,3471,734
1954,2018-01-16,3473,2693
1955,2018-01-17,3474,2195
1956,2018-01-18,3474,2152
1957,2018-01-19,3476,1677
1958,2018-01-22,3477,2642
1959,2018-01-23,3477,2104
1960,2018-01-24,3478,2525
1961,2018-01-25,3479,1786
1962,2018-01-26,3479,1747
1963,2018-01-29,3479,992
1964,2018-01-30,3479,2004
1965,2018-01-31,3480,926
1966,2018-02-01,3482,596
1967,2018-02-02,3483,2003
1968,2018-02-05,3484,2445
1969,2018-02-06,3486,720
1970,2018-02-07,3486,1229
1971,2018-02-08,3488,3093
1972,2018-02-09,3488,1460
1973,2018-02-12,3489,3227
1974,2018-02-13,3489,1557
1975,2018-02-14,3489,2170
1976,2018-02-22,3489,2939
1977,2018-02-23,3490,2268
1978,2018-02-26,3491,3250
1979,2018-02-27,3492,2038
1980,2018-02-28,3492,2521
1981,2018-03-01,3495,3298
1982,2018-03-02,3497,1906
1983,2018-03-05,3497,2323
1984,2018-03-06,3497,2779
1985,2018-03-07,3497,1300
1986,2018-03-08,3497,2857
1987,2018-03-09,3497,3082
1988,2018-03-12,3497,2848
1989,2018-03-13,3497,1395
1990,2018-03-14,3497,1223
1991,2018-03-15,3497,1570
1992,2018-03-16,3497,1754
1993,2018-03-19,3497,2336
1994,2018-03-20,3497,2713
1995,2018-03-21,3497,1340
1996,2018-03-22,3497,1970
1997,2018-03-23,3498,858
1998,2018-03-26,3499,3248
1999,2018-03-27,3499,3083
2000,2018-03-28,3500,2351
2001,2018-03-29,3500,2618
2002,2018-03-30,3502,2722
2003,2018-04-02,3502,1888
2004,2018-04-03,3503,2046
2005,2018-04-04,3503,1259
2006,2018-04-09,3503,2432
2007,2018-04-10,3504,2145
2008,2018-04-11,3504,2285
2009,2018-04-12,3505,1465
2010,2018-04-13,3505,1315
2011,2018-04-16,3505,1455
2012,2018-04-17,3506,641
2013,2018-04-18,3507,2234
2014,2018-04-19,3507,2287
2015,2018-04-20,3508,770
2016,2018-04-23,3508,1699
2017,2018-04-24,3508,3385
2018,2018-04-25,3508,2550
2019,2018-04-26,3509,715
2020,2018-04-27,3511,2055
2021,2018-05-02,3511,1545
2022,2018-05-03,3511,2871
2023,2018-05-04,3511,1884
2024,2018-05-07,3511,3302
2025,2018-05-08,3513,2555
2026,2018-05-09,3514,1997
2027,2018-05-10,3514,2256
2028,2018-05-11,3514,982
2029,2018-05-14,3514,1457
2030,2018-05-15,3514,2832
2031,2018-05-16,3515,1546
2032,2018-05-17,3516,1719
2033,2018-05-18,3516,2545
2034,2018-05-21,3516,2725
2035,2018-05-22,3516,2302
2036,2018-05-23,3516,1078
2037,2018-05-24,3517,1703
2038,2018-05-25,3518,1315
2039,2018-05-28,3519,1331
2040,2018-05-29,3519,1474
2041,2018-05-30,3519,793
2042,2018-05-31,3519,2753
2043,2018-06-01,3519,1555
2044,2018-06-04,3519,1625
2045,2018-06-05,3519,3193
2046,2018-06-06,3519,2067
2047,2018-06-07,3519,1020
2048,2018-06-08,3520,1148
2049,2018-06-11,3522,1607
2050,2018-06-12,3523,2622
2051,2018-06-13,3524,818
2052,2018-06-14,3524,2065
2053,2018-06-15,3524,813
2054,2018-06-19,3524,503
2055,2018-06-20,3525,3093
2056,2018-06-21,3525,821
2057,2018-06-22,3526,3320
2058,2018-06-25,3527,1041
2059,2018-06-26,3527,3184
2060,2018-06-27,3528,1420
2061,2018-06-28,3528,1208
2062,2018-06-29,3528,3464
2063,2018-07-02,3528,886
2064,2018-07-03,3529,2990
2065,2018-07-04,3529,859
2066,2018-07-05,3529,594
2067,2018-07-06,3529,2384
2068,2018-07-09,3531,3339
2069,2018-07-10,3532,2586
2070,2018-07-11,3532,1052
2071,2018-07-12,3532,3453
2072,2018-07-13,3531,2038
2073,2018-07-16,3531,1959
2074,2018-07-17,3531,2179
2075,2018-07-18,3530,1379
2076,2018-07-19,3530,989
2077,2018-07-20,3531,3110
2078,2018-07-23,3531,2869
2079,2018-07-24,3531,3179
2080,2018-07-25,3531,1807
2081,2018-07-26,3531,1753
2082,2018-07-27,3531,1399
2083,2018-07-30,3532,976
2084,2018-07-31,3532,2333
2085,2018-08-01,3532,608
2086,2018-08-02,3532,664
2087,2018-08-03,3532,1219
2088,2018-08-06,3533,938
2089,2018-08-07,3533,3394
2090,2018-08-08,3533,914
2091,2018-08-09,3533,3441
2092,2018-08-10,3534,2666
2093,2018-08-13,3534,3004
2094,2018-08-14,3534,2021
2095,2018-08-15,3534,467
2096,2018-08-16,3534,2028
2097,2018-08-17,3534,403
2098,2018-08-20,3534,2519
2099,2018-08-21,3534,3033
2100,2018-08-22,3534,949
2101,2018-08-23,3534,2743
2102,2018-08-24,3534,1751
2103,2018-08-27,3535,3397
2104,2018-08-28,3537,1941
2105,2018-08-29,3537,1288
2106,2018-08-30,3537,657
2107,2018-08-31,3538,1144
2108,2018-09-03,3539,1877
2109,2018-09-04,3539,3148
2110,2018-09-05,3539,781
2111,2018-09-06,3539,1787
2112,2018-09-07,3539,2151
2113,2018-09-10,3540,678
2114,2018-09-11,3540,2300
2115,2018-09-12,3541,2156
2116,2018-09-13,3541,2120
2117,2018-09-14,3541,987
2118,2018-09-17,3542,937
2119,2018-09-18,3543,3332
2120,2018-09-19,3544,3171
2121,2018-09-20,3544,1591
2122,2018-09-21,3546,3048
2123,2018-09-25,3547,2067
2124,2018-09-26,3549,2124
2125,2018-09-27,3549,624
2126,2018-09-28,3549,2858
2127,2018-10-08,3549,601
2128,2018-10-09,3549,2039
2129,2018-10-10,3549,2099
2130,2018-10-11,3549,360
2131,2018-10-12,3549,1845
2132,2018-10-15,3550,833
2133,2018-10-16,3551,739
2134,2018-10-17,3551,1675
2135,2018-10-18,3551,546
2136,2018-10-19,3552,3462
2137,2018-10-22,3552,3501
2138,2018-10-23,3553,804
2139,2018-10-24,3553,2517
2140,2018-10-25,3553,3290
2141,2018-10-26,3554,1825
2142,2018-10-29,3554,998
2143,2018-10-30,3554,3031
2144,2018-10-31,3554,3105
2145,2018-11-01,3554,1740
2146,2018-11-02,3554,3230
2147,2018-11-05,3554,2412
2148,2018-11-06,3554,1768
2149,2018-11-07,3555,1445
2150,2018-11-08,3555,1084
2151,2018-11-09,3556,1960
2152,2018-11-12,3556,3448
2153,2018-11-13,3556,3475
2154,2018-11-14,3556,1758
2155,2018-11-15,3557,3224
2156,2018-11-16,3558,2390
2157,2018-11-19,3558,2077
2158,2018-11-20,3558,577
2159,2018-11-21,3558,3231
2160,2018-11-22,3558,1591
2161,2018-11-23,3558,205
2162,2018-11-26,3558,1824
2163,2018-11-27,3558,1817
2164,2018-11-28,3559,2870
2165,2018-11-29,3561,322
2166,2018-11-30,3562,2733
2167,2018-12-03,3562,2698
2168,2018-12-04,3562,2789
2169,2018-12-05,3563,2876
2170,2018-12-06,3563,675
2171,2018-12-07,3563,1833
2172,2018-12-10,3563,1274
2173,2018-12-11,3563,2407
2174,2018-12-12,3563,1524
2175,2018-12-13,3564,2603
2176,2018-12-14,3564,326
2177,2018-12-17,3564,2281
2178,2018-12-18,3564,1731
2179,2018-12-19,3564,606
2180,2018-12-20,3564,2654
2181,2018-12-21,3564,1464
2182,2018-12-24,3565,2863
2183,2018-12-25,3565,1423
2184,2018-12-26,3566,1689
2185,2018-12-27,3566,287
2186,2018-12-28,3566,1812
2187,2019-01-02,3566,1432
2188,2019-01-03,3567,1645
2189,2019-01-04,3567,3504
2190,2019-01-07,3567,3018
2191,2019-01-08,3569,1766
2192,2019-01-09,3569,1897
2193,2019-01-10,3569,1567
2194,2019-01-11,3570,2735
2195,2019-01-14,3570,1183
2196,2019-01-15,3570,3110
2197,2019-01-16,3572,1521
2198,2019-01-17,3574,876
2199,2019-01-18,3575,2560
2200,2019-01-21,3576,2277
2201,2019-01-22,3577,825
2202,2019-01-23,3578,2254
2203,2019-01-24,3578,2258
2204,2019-01-25,3579,1108
2205,2019-01-28,3580,841
2206,2019-01-29,3581,823
2207,2019-01-30,3582,1183
2208,2019-01-31,3582,1062
2209,2019-02-01,3583,3369
2210,2019-02-11,3583,3476
2211,2019-02-12,3583,3129
2212,2019-02-13,3583,3329
2213,2019-02-14,3583,2290
2214,2019-02-15,3584,1627
2215,2019-02-18,3585,3523
2216,2019-02-19,3585,1513
2217,2019-02-20,3585,1914
2218,2019-02-21,3585,1225
2219,2019-02-22,3587,3381
2220,2019-02-25,3587,3509
2221,2019-02-26,3588,1584
2222,2019-02-27,3588,1679
2223,2019-02-28,3588,2328
2224,2019-03-01,3589,1828
2225,2019-03-04,3589,2622
2226,2019-03-05,3589,3368
2227,2019-03-06,3589,2773
2228,2019-03-07,3589,2727
2229,2019-03-08,3589,722
2230,2019-03-11,3590,3376
2231,2019-03-12,3590,2351
2232,2019-03-13,3590,775
2233,2019-03-14,3591,660
2234,2019-03-15,3592,2615
2235,2019-03-18,3592,3137
2236,2019-03-19,3593,1778
2237,2019-03-20,3593,1663
2238,2019-03-21,3593,2633
2239,2019-03-22,3594,1959
2240,2019-03-25,3595,2131
2241,2019-03-26,3597,467
2242,2019-03-27,3597,1706
2243,2019-03-28,3598,1102
2244,2019-03-29,3599,3422
2245,2019-04-01,3599,3474
2246,2019-04-02,3600,1598
2247,2019-04-03,3600,2980
2248,2019-04-04,3600,1547
2249,2019-04-08,3600,1093
2250,2019-04-09,3600,2307
2251,2019-04-10,3600,1965
2252,2019-04-11,3600,707
2253,2019-04-12,3601,1944
2254,2019-04-15,3603,576
2255,2019-04-16,3604,3334
2256,2019-04-17,3604,2331
2257,2019-04-18,3604,1145
2258,2019-04-19,3605,2481
2259,2019-04-22,3606,850
2260,2019-04-23,3606,824
2261,2019-04-24,3606,2544
2262,2019-04-25,3607,292
2263,2019-04-26,3608,1390
2264,2019-04-29,3609,621
2265,2019-04-30,3609,2994
2266,2019-05-06,3609,395
2267,2019-05-07,3609,2635
2268,2019-05-08,3610,3120
2269,2019-05-09,3611,1944
2270,2019-05-10,3612,3501
2271,2019-05-13,3612,1969
2272,2019-05-14,3612,2340
2273,2019-05-15,3613,3124
2274,2019-05-16,3615,2537
2275,2019-05-17,3616,275
2276,2019-05-20,3616,1727
2277,2019-05-21,3617,3298
2278,2019-05-22,3619,1127
2279,2019-05-23,3621,576
2280,2019-05-24,3620,1843
2281,2019-05-27,3620,3475
2282,2019-05-28,3620,1691
2283,2019-05-29,3620,2446
2284,2019-05-30,3620,1445
2285,2019-05-31,3621,1736
2286,2019-06-03,3621,842
2287,2019-06-04,3621,810
2288,2019-06-05,3621,1060
2289,2019-06-06,3622,512
2290,2019-06-10,3622,2688
2291,2019-06-11,3622,3567
2292,2019-06-12,3622,1341
2293,2019-06-13,3622,2594
2294,2019-06-14,3623,436
2295,2019-06-17,3623,2025
2296,2019-06-18,3624,1687
2297,2019-06-19,3625,1107
2298,2019-06-20,3626,3198
2299,2019-06-21,3627,2846
2300,2019-06-24,3627,1503
2301,2019-06-25,3627,933
2302,2019-06-26,3628,2385
2303,2019-06-27,3629,2207
2304,2019-06-28,3630,737
2305,2019-07-01,3630,2955
2306,2019-07-02,3630,1776
2307,2019-07-03,3630,1035
2308,2019-07-04,3630,1401
2309,2019-07-05,3632,2255
2310,2019-07-08,3632,280
2311,2019-07-09,3630,2339
2312,2019-07-10,3630,961
2313,2019-07-11,3630,1392
2314,2019-07-12,3630,2206
2315,2019-07-15,3631,2957
2316,2019-07-16,3632,2300
2317,2019-07-17,3632,1831
2318,2019-07-18,3632,598
2319,2019-07-19,3633,2275
2320,2019-07-22,3658,365
2321,2019-07-23,3659,3102
2322,2019-07-24,3659,3011
2323,2019-07-25,3660,2107
2324,2019-07-26,3662,2215
2325,2019-07-29,3663,1618
2326,2019-07-30,3664,2525
2327,2019-07-31,3664,1203
2328,2019-08-01,3664,1880
2329,2019-08-02,3665,1936
2330,2019-08-05,3666,1015
2331,2019-08-06,3667,1062
2332,2019-08-07,3667,1074
2333,2019-08-08,3669,2158
2334,2019-08-09,3671,580
2335,2019-08-12,3672,3233
2336,2019-08-13,3672,1876
2337,2019-08-14,3672,1168
2338,2019-08-15,3673,3506
2339,2019-08-16,3673,2444
2340,2019-08-19,3673,3456
2341,2019-08-20,3673,1792
2342,2019-08-21,3673,1926
2343,2019-08-22,3673,1912
2344,2019-08-23,3674,1437
2345,2019-08-26,3676,2959
2346,2019-08-27,3676,3145
2347,2019-08-28,3678,1844
2348,2019-08-29,3678,1427
2349,2019-08-30,3679,583
2350,2019-09-02,3679,3459
2351,2019-09-03,3679,2210
2352,2019-09-04,3679,2812
2353,2019-09-05,3680,2318
2354,2019-09-06,3681,1871
2355,2019-09-09,3682,2903
2356,2019-09-10,3682,1934
2357,2019-09-11,3682,995
2358,2019-09-12,3682,2390
2359,2019-09-16,3682,1740
2360,2019-09-17,3683,435
2361,2019-09-18,3683,1713
2362,2019-09-19,3683,2724
2363,2019-09-20,3684,1715
2364,2019-09-23,3684,1100
2365,2019-09-24,3684,1911
2366,2019-09-25,3686,732
2367,2019-09-26,3686,413
2368,2019-09-27,3687,2766
2369,2019-09-30,3690,938
2370,2019-10-08,3690,1947
2371,2019-10-09,3690,3127
2372,2019-10-10,3690,3104
2373,2019-10-11,3690,1911
2374,2019-10-14,3691,2805
2375,2019-10-15,3692,1137
2376,2019-10-16,3691,1029
2377,2019-10-17,3691,1585
2378,2019-10-18,3692,767
2379,2019-10-21,3693,1608
2380,2019-10-22,3694,3000
2381,2019-10-23,3694,1136
2382,2019-10-24,3694,1938
2383,2019-10-25,3696,2695
2384,2019-10-28,3698,3195
2385,2019-10-29,3701,738
2386,2019-10-30,3703,1071
2387,2019-10-31,3705,1011
2388,2019-11-01,3706,3142
2389,2019-11-04,3706,1777
2390,2019-11-05,3711,1899
2391,2019-11-06,3716,1005
2392,2019-11-07,3716,2669
2393,2019-11-08,3719,1087
2394,2019-11-11,3720,475
2395,2019-11-12,3720,2250
2396,2019-11-13,3720,1374
2397,2019-11-14,3721,2519
2398,2019-11-15,3724,813
2399,2019-11-18,3726,2849
2400,2019-11-19,3726,3455
2401,2019-11-20,3727,1106
2402,2019-11-21,3729,2269
2403,2019-11-22,3730,1139
2404,2019-11-25,3732,1927
2405,2019-11-26,3733,1595
2406,2019-11-27,3732,1782
2407,2019-11-28,3733,1544
2408,2019-11-29,3733,2218
2409,2019-12-02,3734,1881
2410,2019-12-03,3737,2977
2411,2019-12-04,3740,2678
2412,2019-12-05,3741,3025
2413,2019-12-06,3742,2655
2414,2019-12-09,3744,1993
2415,2019-12-10,3745,2504
2416,2019-12-11,3747,1514
2417,2019-12-12,3746,1450
2418,2019-12-13,3746,2785
2419,2019-12-16,3748,3218
2420,2019-12-17,3750,3173
2421,2019-12-18,3750,1925
2422,2019-12-19,3752,2704
2423,2019-12-20,3753,978
2424,2019-12-23,3754,586
2425,2019-12-24,3755,3309
2426,2019-12-25,3755,2007
2427,2019-12-26,3756,2847
2428,2019-12-27,3757,1176
2429,2019-12-30,3759,2819
2430,2019-12-31,3760,2589
2431,2020-01-02,3760,3088
2432,2020-01-03,3760,2152
2433,2020-01-06,3763,2926
2434,2020-01-07,3762,3092
2435,2020-01-08,3762,888
2436,2020-01-09,3763,2851
2437,2020-01-10,3763,1214
2438,2020-01-13,3764,2935
2439,2020-01-14,3766,1584
2440,2020-01-15,3767,1295
2441,2020-01-16,3768,1129
2442,2020-01-17,3769,1211
2443,2020-01-20,3770,2690
2444,2020-01-21,3771,939
2445,2020-01-22,3772,2334
2446,2020-01-23,3775,480
2447,2020-02-03,3774,3436
2448,2020-02-04,3775,3692
2449,2020-02-05,3777,3365
2450,2020-02-06,3778,3407
2451,2020-02-07,3779,2610
2452,2020-02-10,3780,2992
2453,2020-02-11,3782,1486
2454,2020-02-12,3784,3449
2455,2020-02-13,3786,923
2456,2020-02-14,3786,2155
2457,2020-02-17,3787,3633
2458,2020-02-18,3789,2885
2459,2020-02-19,3789,1497
2460,2020-02-20,3789,3238
2461,2020-02-21,3792,2671
2462,2020-02-24,3793,2464
2463,2020-02-25,3793,2773
2464,2020-02-26,3795,2012
2465,2020-02-27,3796,1756
2466,2020-02-28,3796,659
2467,2020-03-02,3797,3581
2468,2020-03-03,3797,1536
2469,2020-03-04,3797,3030
2470,2020-03-05,3797,2475
2471,2020-03-06,3798,2486
2472,2020-03-09,3798,792
2473,2020-03-10,3799,3560
2474,2020-03-11,3799,1060
2475,2020-03-12,3801,1278
2476,2020-03-13,3802,3677
2477,2020-03-16,3802,253
2478,2020-03-17,3803,1286
2479,2020-03-18,3803,495
2480,2020-03-19,3804,2606
2481,2020-03-20,3805,2409
2482,2020-03-23,3806,944
2483,2020-03-24,3806,2314
2484,2020-03-25,3806,2193
2485,2020-03-26,3807,1368
2486,2020-03-27,3809,900
2487,2020-03-30,3809,1175
2488,2020-03-31,3809,1100
2489,2020-04-01,3809,1606
2490,2020-04-02,3809,3546
2491,2020-04-03,3810,1364
2492,2020-04-07,3811,3261
2493,2020-04-08,3812,2743
2494,2020-04-09,3814,2033
2495,2020-04-10,3815,574
2496,2020-04-13,3815,1630
2497,2020-04-14,3815,3335
2498,2020-04-15,3817,1141
2499,2020-04-16,3818,2720
2500,2020-04-17,3820,1325
2501,2020-04-20,3821,2710
2502,2020-04-21,3823,1509
2503,2020-04-22,3825,3329
2504,2020-04-23,3825,1342
2505,2020-04-24,3826,785
2506,2020-04-27,3827,1455
2507,2020-04-28,3829,877
2508,2020-04-29,3832,2245
2509,2020-04-30,3833,3256
2510,2020-05-06,3834,3543
2511,2020-05-07,3836,1476
2512,2020-05-08,3837,2711
2513,2020-05-11,3838,1478
2514,2020-05-12,3839,1600
2515,2020-05-13,3839,2753
2516,2020-05-14,3839,1338
2517,2020-05-15,3839,1605
2518,2020-05-18,3842,1503
2519,2020-05-19,3843,2158
2520,2020-05-20,3844,1221
2521,2020-05-21,3845,1100
2522,2020-05-22,3846,892
2523,2020-05-25,3848,1997
2524,2020-05-26,3849,3411
2525,2020-05-27,3849,1576
2526,2020-05-28,3851,1613
2527,2020-05-29,3851,2777
2528,2020-06-01,3852,3602
2529,2020-06-02,3853,2375
2530,2020-06-03,3854,1495
2531,2020-06-04,3854,1933
2532,2020-06-05,3856,1783
2533,2020-06-08,3859,1406
2534,2020-06-09,3860,2322
2535,2020-06-10,3862,1589
2536,2020-06-11,3862,1426
2537,2020-06-12,3863,3584
2538,2020-06-15,3863,1729
2539,2020-06-16,3865,3026
2540,2020-06-17,3865,2056
2541,2020-06-18,3867,2070
2542,2020-06-19,3869,2381
2543,2020-06-22,3871,1827
2544,2020-06-23,3872,1533
2545,2020-06-24,3872,1507
2546,2020-06-29,3874,1528
2547,2020-06-30,3876,3009
2548,2020-07-01,3878,2130
2549,2020-07-02,3878,3141
2550,2020-07-03,3880,2876
2551,2020-07-06,3880,3681
2552,2020-07-07,3881,1888
2553,2020-07-08,3884,3378
2554,2020-07-09,3886,3564
2555,2020-07-10,3889,1344
2556,2020-07-13,3891,3633
2557,2020-07-14,3892,1397
2558,2020-07-15,3893,707
2559,2020-07-16,3896,266
2560,2020-07-17,3899,1934
2561,2020-07-20,3901,3422
2562,2020-07-21,3901,1872
2563,2020-07-22,3909,2139
2564,2020-07-23,3910,1842
2565,2020-07-24,3911,357
2566,2020-07-27,3913,1679
2567,2020-07-28,3914,2472
2568,2020-07-29,3915,3731
2569,2020-07-30,3917,1514
2570,2020-07-31,3922,3142
2571,2020-08-03,3923,3459
2572,2020-08-04,3924,1273
2573,2020-08-05,3926,2508
2574,2020-08-06,3928,1583
2575,2020-08-07,3930,1047
2576,2020-08-10,3932,2921
2577,2020-08-11,3933,730
2578,2020-08-12,3936,1729
2579,2020-08-13,3937,2265
2580,2020-08-14,3936,2908
2581,2020-08-17,3941,3445
2582,2020-08-18,3945,2329
2583,2020-08-19,3947,940
2584,2020-08-20,3949,1629
2585,2020-08-21,3951,2191
2586,2020-08-24,3969,2202
2587,2020-08-25,3969,1622
2588,2020-08-26,3970,746
2589,2020-08-27,3969,2943
2590,2020-08-28,3974,3023
2591,2020-08-31,3975,1610
2592,2020-09-01,3979,2378
2593,2020-09-02,3982,1929
2594,2020-09-03,3986,1218
2595,2020-09-04,3987,3305
2596,2020-09-07,3988,1126
2597,2020-09-08,3990,2611
2598,2020-09-09,3991,1227
2599,2020-09-10,3995,368
2600,2020-09-11,3998,3425
2601,2020-09-14,3999,2536
2602,2020-09-15,4000,1992
2603,2020-09-16,4004,1383
2604,2020-09-17,4008,2351
2605,2020-09-18,4010,3245
2606,2020-09-21,4015,1454
2607,2020-09-22,4019,1112
2608,2020-09-23,4021,2206
2609,2020-09-24,4025,496
2610,2020-09-25,4029,1154
2611,2020-09-28,4036,899
2612,2020-09-29,4038,2375
2613,2020-09-30,4041,1414
2614,2020-10-09,4041,3348
2615,2020-10-12,4042,3739
2616,2020-10-13,4043,2077
2617,2020-10-14,4043,1325
2618,2020-10-15,4045,1305
2619,2020-10-16,4048,2145
2620,2020-10-19,4050,1102
2621,2020-10-20,4051,3207
2622,2020-10-21,4053,949
2623,2020-10-22,4055,1970
2624,2020-10-23,4056,924
2625,2020-10-26,4059,2226
2626,2020-10-27,4060,2407
2627,2020-10-28,4061,2085
2628,2020-10-29,4065,2992
2629,2020-10-30,4067,573
2630,2020-11-02,4068,1976
2631,2020-11-03,4068,3329
2632,2020-11-04,4068,1491
2633,2020-11-05,4071,3022
2634,2020-11-06,4072,1169
2635,2020-11-09,4073,3459
2636,2020-11-10,4073,980
2637,2020-11-11,4075,1374
2638,2020-11-12,4077,1891
2639,2020-11-13,4077,2223
2640,2020-11-16,4077,2619
2641,2020-11-17,4078,1458
2642,2020-11-18,4081,2711
2643,2020-11-19,4081,2498
2644,2020-11-20,4081,2563
2645,2020-11-23,4083,2240
2646,2020-11-24,4084,1889
2647,2020-11-25,4085,800
2648,2020-11-26,4086,1740
2649,2020-11-27,4087,2061
2650,2020-11-30,4087,1739
2651,2020-12-01,4088,3578
2652,2020-12-02,4092,2143
2653,2020-12-03,4094,1907
2654,2020-12-04,4096,2221
2655,2020-12-07,4100,1312
2656,2020-12-08,4102,1667
2657,2020-12-09,4102,667
2658,2020-12-10,4103,2312
2659,2020-12-11,4106,821
2660,2020-12-14,4107,2815
2661,2020-12-15,4110,2073
2662,2020-12-16,4112,1134
2663,2020-12-17,4111,3121
2664,2020-12-18,4114,1591
2665,2020-12-21,4116,2954
2666,2020-12-22,4120,788
2667,2020-12-23,4122,2328
2668,2020-12-24,4126,881
2669,2020-12-25,4130,3094
2670,2020-12-28,4133,1215
2671,2020-12-29,4134,2259
2672,2020-12-30,4137,2528
2673,2020-12-31,4140,3297
2674,2021-01-04,4141,2953
2675,2021-01-05,4141,1990
2676,2021-01-06,4144,1196
2677,2021-01-07,4147,886
2678,2021-01-08,4147,2370
2679,2021-01-11,4148,845
2680,2021-01-12,4149,2944
2681,2021-01-13,4150,1149
2682,2021-01-14,4150,2778
2683,2021-01-15,4150,3123
2684,2021-01-18,4152,3292
2685,2021-01-19,4154,2531
2686,2021-01-20,4157,2056
2687,2021-01-21,4160,2585
2688,2021-01-22,4163,1279
2689,2021-01-25,4164,1140
2690,2021-01-26,4165,1857
2691,2021-01-27,4168,2262
2692,2021-01-28,4171,1764
2693,2021-01-29,4172,1018
2694,2021-02-01,4174,2739
2695,2021-02-02,4174,2247
2696,2021-02-03,4175,1128
2697,2021-02-04,4176,1087
2698,2021-02-05,4177,1371
2699,2021-02-08,4182,2139
2700,2021-02-09,4187,3480
2701,2021-02-10,4192,2639
2702,2021-02-18,4192,3124
2703,2021-02-19,4192,3741
2704,2021-02-22,4192,2559
2705,2021-02-23,4193,1663
2706,2021-02-24,4195,2254
2707,2021-02-25,4197,1104
2708,2021-02-26,4200,2925
2709,2021-03-01,4203,3522
2710,2021-03-02,4204,1203
2711,2021-03-03,4205,3523
2712,2021-03-04,4205,1768
2713,2021-03-05,4205,3403
2714,2021-03-08,4207,889
2715,2021-03-09,4209,729
2716,2021-03-10,4210,804
2717,2021-03-11,4212,3767
2718,2021-03-12,4213,2062
2719,2021-03-15,4213,2187
2720,2021-03-16,4214,3200
2721,2021-03-17,4214,2617
2722,2021-03-18,4215,2015
2723,2021-03-19,4216,2685
2724,2021-03-22,4218,3553
2725,2021-03-23,4219,1235
2726,2021-03-24,4221,1884
2727,2021-03-25,4223,2034
2728,2021-03-26,4226,3406
2729,2021-03-29,4230,1920
2730,2021-03-30,4232,1515
2731,2021-03-31,4234,2605
2732,2021-04-01,4236,2254
2733,2021-04-02,4237,2349
2734,2021-04-06,4241,2967
2735,2021-04-07,4242,2802
2736,2021-04-08,4244,1502
2737,2021-04-09,4248,2338
2738,2021-04-12,4252,1176
2739,2021-04-13,4255,1552
2740,2021-04-14,4255,3390
2741,2021-04-15,4259,2086
2742,2021-04-16,4260,3505
2743,2021-04-19,4263,3338
2744,2021-04-20,4267,1678
2745,2021-04-21,4272,2105
2746,2021-04-22,4273,2170
2747,2021-04-23,4273,1372
2748,2021-04-26,4276,1695
2749,2021-04-27,4279,1675
2750,2021-04-28,4282,2565
2751,2021-04-29,4285,2184
2752,2021-04-30,4287,1659
2753,2021-05-06,4290,2647
2754,2021-05-07,4291,1921
2755,2021-05-10,4292,2388
2756,2021-05-11,4295,2993
2757,2021-05-12,4298,3394
2758,2021-05-13,4302,2246
2759,2021-05-14,4302,3141
2760,2021-05-17,4304,1505
2761,2021-05-18,4307,2779
2762,2021-05-19,4308,1938
2763,2021-05-20,4310,1961
2764,2021-05-21,4312,2174
2765,2021-05-24,4313,2829
2766,2021-05-25,4317,3077
2767,2021-05-26,4319,2831
2768,2021-05-27,4320,2981
2769,2021-05-28,4325,1451
2770,2021-05-31,4325,2913
2771,2021-06-01,4326,2907
2772,2021-06-02,4328,1577
2773,2021-06-03,4330,2071
2774,2021-06-04,4330,2182
2775,2021-06-07,4334,2604
2776,2021-06-08,4336,2084
2777,2021-06-09,4338,2401
2778,2021-06-10,4339,2396
2779,2021-06-11,4341,1540
2780,2021-06-15,4344,1408
2781,2021-06-16,4347,1481
2782,2021-06-17,4350,2656
2783,2021-06-18,4354,2915
2784,2021-06-21,4355,3215
2785,2021-06-22,4357,2534
2786,2021-06-23,4360,2305
2787,2021-06-24,4361,1700
2788,2021-06-25,4364,2408
2789,2021-06-28,4367,2382
2790,2021-06-29,4368,1257
2791,2021-06-30,4373,2714
2792,2021-07-01,4374,1159
2793,2021-07-02,4375,1844
2794,2021-07-05,4377,3140
2795,2021-07-06,4380,2380
2796,2021-07-07,4384,3152
2797,2021-07-08,4386,1437
2798,2021-07-09,4389,3068
2799,2021-07-12,4390,2631
2800,2021-07-13,4392,2646
2801,2021-07-14,4392,1406
2802,2021-07-15,4394,1754
2803,2021-07-16,4396,2002
2804,2021-07-19,4397,2022
2805,2021-07-20,4400,3039
2806,2021-07-21,4398,2870
2807,2021-07-22,4402,2450
2808,2021-07-23,4403,1330
2809,2021-07-26,4406,1201
2810,2021-07-27,4407,1045
2811,2021-07-28,4410,1196
2812,2021-07-29,4413,3181
2813,2021-07-30,4416,2926
2814,2021-08-02,4418,3622
2815,2021-08-03,4419,2398
2816,2021-08-04,4422,2897
2817,2021-08-05,4426,1620
2818,2021-08-06,4427,2044
2819,2021-08-09,4427,3280
2820,2021-08-10,4428,3279
2821,2021-08-11,4431,2549
2822,2021-08-12,4434,2327
2823,2021-08-13,4437,2173
2824,2021-08-16,4440,2476
2825,2021-08-17,4442,665
2826,2021-08-18,4444,3181
2827,2021-08-19,4446,2021
2828,2021-08-20,4447,1881
2829,2021-08-23,4449,3737
2830,2021-08-24,4452,2489
2831,2021-08-25,4452,2851
2832,2021-08-26,4453,1744
2833,2021-08-27,4454,2071
2834,2021-08-30,4454,1948
2835,2021-08-31,4455,2257
2836,2021-09-01,4457,2283
2837,2021-09-02,4457,2966
2838,2021-09-03,4457,2528
2839,2021-09-06,4460,3168
2840,2021-09-07,4462,3161
2841,2021-09-08,4464,2836
2842,2021-09-09,4468,2235
2843,2021-09-10,4469,1597
2844,2021-09-13,4472,2606
2845,2021-09-14,4475,1216
2846,2021-09-15,4476,2805
2847,2021-09-16,4479,1085
2848,2021-09-17,4481,1887
2849,2021-09-22,4483,3241
2850,2021-09-23,4484,2752
2851,2021-09-24,4486,1059
2852,2021-09-27,4487,812
2853,2021-09-28,4489,2742
2854,2021-09-29,4492,766
2855,2021-09-30,4494,3592
2856,2021-10-08,4494,2969
2857,2021-10-11,4495,1997
2858,2021-10-12,4495,991
2859,2021-10-13,4496,2682
2860,2021-10-14,4497,2779
2861,2021-10-15,4499,1508
2862,2021-10-18,4502,2919
2863,2021-10-19,4505,2623
2864,2021-10-20,4508,1908
2865,2021-10-21,4511,1536
2866,2021-10-22,4511,1512
2867,2021-10-25,4514,2744
2868,2021-10-26,4517,1704
2869,2021-10-27,4522,1037
2870,2021-10-28,4524,1324
2871,2021-10-29,4525,3578
2872,2021-11-01,4527,3396
2873,2021-11-02,4529,1134
2874,2021-11-03,4530,3130
2875,2021-11-04,4530,3345
2876,2021-11-05,4530,1954
2877,2021-11-08,4530,2782
2878,2021-11-09,4530,3182
2879,2021-11-10,4533,3034
2880,2021-11-11,4535,3366
2881,2021-11-12,4538,2947
2882,2021-11-15,4540,3042
2883,2021-11-16,4540,1434
2884,2021-11-17,4540,3511
2885,2021-11-18,4540,1434
2886,2021-11-19,4540,3507
2887,2021-11-22,4540,2592
2888,2021-11-23,4540,2645
2889,2021-11-24,4540,2519
2890,2021-11-25,4540,2074
2891,2021-11-26,4540,1821
2892,2021-11-29,4540,2991
2893,2021-11-30,4540,2746
2894,2021-12-01,4540,3340
2895,2021-12-02,4540,1280
2896,2021-12-03,4540,2693
2897,2021-12-06,4540,1002
2898,2021-12-07,4540,1506
2899,2021-12-08,4540,3147
2900,2021-12-09,4540,2864
2901,2021-12-10,4540,2684
2902,2021-12-13,4540,2262
2903,2021-12-14,4540,2789
2904,2021-12-15,4540,2335
2905,2021-12-16,4540,3059
2906,2021-12-17,4540,1522
2907,2021-12-20,4540,1665
2908,2021-12-21,4540,3679
2909,2021-12-22,4540,2282
2910,2021-12-23,4540,1609
2911,2021-12-24,4540,1078
