date,time,code,open,high,low,close,volume,amount,adjustflag
2017-07-03,20170703093500000,sh.600000,12.6400,12.6500,12.6000,12.6000,997100,12589619.0000,3
2017-07-03,20170703094000000,sh.600000,12.6000,12.6100,12.5800,12.6000,1408100,17737598.0000,3
2017-07-03,20170703094500000,sh.600000,12.6000,12.6100,12.5800,12.5800,992900,12506138.0000,3
2017-07-03,20170703095000000,sh.600000,12.5800,12.5900,12.5200,12.5400,2033100,25532352.0000,3
2017-07-03,20170703095500000,sh.600000,12.5600,12.5700,12.5300,12.5500,639000,8017965.0000,3
2017-07-03,20170703100000000,sh.600000,12.5500,12.5800,12.5500,12.5700,293200,3683049.0000,3
2017-07-03,20170703100500000,sh.600000,12.5600,12.5800,12.5600,12.5700,620600,7801363.0000,3
2017-07-03,20170703101000000,sh.600000,12.5800,12.5800,12.5600,12.5600,308500,3878014.0000,3
2017-07-03,20170703101500000,sh.600000,12.5700,12.5700,12.5300,12.5400,942000,11818541.0000,3
2017-07-03,20170703102000000,sh.600000,12.5400,12.5400,12.5200,12.5400,1142300,14314406.0000,3
2017-07-03,20170703102500000,sh.600000,12.5400,12.5400,12.5300,12.5400,621100,7784692.0000,3
2017-07-03,20170703103000000,sh.600000,12.5400,12.5400,12.5200,12.5300,545800,6837872.0000,3
2017-07-03,20170703103500000,sh.600000,12.5300,12.5300,12.5100,12.5300,1324800,16583008.0000,3
2017-07-03,20170703104000000,sh.600000,12.5300,12.5300,12.5100,12.5200,1016900,12729784.0000,3
2017-07-03,20170703104500000,sh.600000,12.5200,12.5400,12.5000,12.5200,1176300,14726701.0000,3
2017-07-03,20170703105000000,sh.600000,12.5200,12.5400,12.5000,12.5200,656800,8221847.0000,3
2017-07-03,20170703105500000,sh.600000,12.5200,12.5200,12.4900,12.5000,2164600,27057388.0000,3
2017-07-03,20170703110000000,sh.600000,12.5100,12.5100,12.4700,12.4800,1640200,20489722.0000,3
2017-07-03,20170703110500000,sh.600000,12.4800,12.5000,12.4800,12.4800,742800,9274761.0000,3
2017-07-03,20170703111000000,sh.600000,12.4900,12.5000,12.4800,12.5000,634300,7919992.0000,3
2017-07-03,20170703111500000,sh.600000,12.4900,12.5000,12.4800,12.4900,505300,6312510.0000,3
2017-07-03,20170703112000000,sh.600000,12.5000,12.5600,12.5000,12.5500,1247000,15624901.0000,3
2017-07-03,20170703112500000,sh.600000,12.5500,12.5600,12.5100,12.5600,514800,6455684.0000,3
2017-07-03,20170703113000000,sh.600000,12.5500,12.5700,12.5400,12.5500,2419300,30378868.0000,3
2017-07-03,20170703130500000,sh.600000,12.5500,12.5600,12.5300,12.5300,678800,8514522.0000,3
2017-07-03,20170703131000000,sh.600000,12.5300,12.5400,12.5100,12.5100,327400,4098646.0000,3
2017-07-03,20170703131500000,sh.600000,12.5200,12.5400,12.5100,12.5200,247500,3098961.0000,3
2017-07-03,20170703132000000,sh.600000,12.5200,12.5300,12.5100,12.5300,269300,3372614.0000,3
2017-07-03,20170703132500000,sh.600000,12.5300,12.5400,12.5100,12.5300,729700,9140645.0000,3
2017-07-03,20170703133000000,sh.600000,12.5200,12.5700,12.5100,12.5600,852400,10702361.0000,3
2017-07-03,20170703133500000,sh.600000,12.5600,12.5700,12.5400,12.5600,676800,8496310.0000,3
2017-07-03,20170703134000000,sh.600000,12.5500,12.5700,12.5400,12.5500,272200,3416523.0000,3
2017-07-03,20170703134500000,sh.600000,12.5500,12.5600,12.5300,12.5300,915300,11485976.0000,3
2017-07-03,20170703135000000,sh.600000,12.5400,12.5500,12.5100,12.5400,1198500,15013166.0000,3
2017-07-03,20170703135500000,sh.600000,12.5300,12.5400,12.5100,12.5100,409000,5123896.0000,3
2017-07-03,20170703140000000,sh.600000,12.5200,12.5400,12.5200,12.5300,389800,4883787.0000,3
2017-07-03,20170703140500000,sh.600000,12.5400,12.5400,12.5200,12.5200,339900,4258164.0000,3
2017-07-03,20170703141000000,sh.600000,12.5300,12.5500,12.5100,12.5400,783400,9814685.0000,3
2017-07-03,20170703141500000,sh.600000,12.5300,12.5500,12.5100,12.5200,379900,4759843.0000,3
2017-07-03,20170703142000000,sh.600000,12.5300,12.5600,12.5200,12.5600,779600,9781161.0000,3
2017-07-03,20170703142500000,sh.600000,12.5700,12.5800,12.5500,12.5700,1000100,12572321.0000,3
2017-07-03,20170703143000000,sh.600000,12.5700,12.5700,12.5500,12.5600,164900,2072433.0000,3
2017-07-03,20170703143500000,sh.600000,12.5700,12.5700,12.5500,12.5500,309700,3890727.0000,3
2017-07-03,20170703144000000,sh.600000,12.5600,12.5800,12.5500,12.5600,380100,4776607.0000,3
2017-07-03,20170703144500000,sh.600000,12.5600,12.5700,12.5400,12.5500,281400,3532556.0000,3
2017-07-03,20170703145000000,sh.600000,12.5500,12.5500,12.5200,12.5300,771000,9664515.0000,3
2017-07-03,20170703145500000,sh.600000,12.5300,12.5700,12.5300,12.5500,1048100,13155003.0000,3
2017-07-03,20170703150000000,sh.600000,12.5500,12.5600,12.5400,12.5600,985100,12362478.0000,3
2017-07-04,20170704093500000,sh.600000,12.5500,12.5700,12.5000,12.5200,634400,7944205.0000,3
2017-07-04,20170704094000000,sh.600000,12.5300,12.5500,12.5100,12.5100,349100,4374249.0000,3
2017-07-04,20170704094500000,sh.600000,12.5200,12.5200,12.4800,12.4800,1124000,14055098.0000,3
2017-07-04,20170704095000000,sh.600000,12.4900,12.4900,12.4500,12.4700,1196600,14921701.0000,3
2017-07-04,20170704095500000,sh.600000,12.4700,12.4900,12.4500,12.4800,1319000,16448342.0000,3
2017-07-04,20170704100000000,sh.600000,12.4800,12.4900,12.4500,12.4600,1059700,13212810.0000,3
2017-07-04,20170704100500000,sh.600000,12.4600,12.4700,12.4400,12.4400,1418700,17670128.0000,3
2017-07-04,20170704101000000,sh.600000,12.4500,12.4500,12.4200,12.4300,1432800,17817104.0000,3
2017-07-04,20170704101500000,sh.600000,12.4300,12.5000,12.4300,12.4600,909400,11341135.0000,3
2017-07-04,20170704102000000,sh.600000,12.4600,12.4900,12.4300,12.4500,643500,8019206.0000,3
2017-07-04,20170704102500000,sh.600000,12.4500,12.4700,12.4300,12.4500,695000,8648369.0000,3
2017-07-04,20170704103000000,sh.600000,12.4500,12.4700,12.4400,12.4600,230200,2867859.0000,3
2017-07-04,20170704103500000,sh.600000,12.4600,12.4700,12.4500,12.4600,450000,5608893.0000,3
2017-07-04,20170704104000000,sh.600000,12.4600,12.4900,12.4600,12.4600,687800,8578490.0000,3
2017-07-04,20170704104500000,sh.600000,12.4700,12.4800,12.4400,12.4500,476300,5930433.0000,3
2017-07-04,20170704105000000,sh.600000,12.4500,12.4700,12.4500,12.4600,340100,4238045.0000,3
2017-07-04,20170704105500000,sh.600000,12.4700,12.4700,12.4600,12.4600,317600,3959275.0000,3
2017-07-04,20170704110000000,sh.600000,12.4600,12.4700,12.4500,12.4500,261700,3260857.0000,3
2017-07-04,20170704110500000,sh.600000,12.4500,12.4600,12.4400,12.4400,373800,4655772.0000,3
2017-07-04,20170704111000000,sh.600000,12.4400,12.4700,12.4400,12.4600,232400,2894306.0000,3
2017-07-04,20170704111500000,sh.600000,12.4500,12.4700,12.4400,12.4700,220200,2743629.0000,3
2017-07-04,20170704112000000,sh.600000,12.4600,12.4700,12.4500,12.4600,360700,4494395.0000,3
2017-07-04,20170704112500000,sh.600000,12.4600,12.4700,12.4400,12.4400,412100,5132282.0000,3
2017-07-04,20170704113000000,sh.600000,12.4400,12.4500,12.4300,12.4300,610200,7591886.0000,3
2017-07-04,20170704130500000,sh.600000,12.4300,12.4400,12.4200,12.4200,712800,8859492.0000,3
2017-07-04,20170704131000000,sh.600000,12.4200,12.4600,12.4100,12.4600,1435800,17841198.0000,3
2017-07-04,20170704131500000,sh.600000,12.4600,12.4900,12.4600,12.4800,544300,6793886.0000,3
2017-07-04,20170704132000000,sh.600000,12.4800,12.5700,12.4700,12.5700,2751900,34457768.0000,3
2017-07-04,20170704132500000,sh.600000,12.5700,12.5700,12.5400,12.5500,1270600,15950009.0000,3
2017-07-04,20170704133000000,sh.600000,12.5400,12.5500,12.5300,12.5300,388700,4875213.0000,3
2017-07-04,20170704133500000,sh.600000,12.5300,12.5700,12.5300,12.5600,1209000,15179882.0000,3
2017-07-04,20170704134000000,sh.600000,12.5700,12.5700,12.5400,12.5500,719600,9034335.0000,3
2017-07-04,20170704134500000,sh.600000,12.5400,12.5700,12.5400,12.5600,1118800,14053051.0000,3
2017-07-04,20170704135000000,sh.600000,12.5700,12.5800,12.5600,12.5700,724000,9100325.0000,3
2017-07-04,20170704135500000,sh.600000,12.5700,12.5700,12.5400,12.5400,675100,8478666.0000,3
2017-07-04,20170704140000000,sh.600000,12.5500,12.5700,12.5400,12.5500,443900,5574797.0000,3
2017-07-04,20170704140500000,sh.600000,12.5400,12.5700,12.5400,12.5600,530400,6659983.0000,3
2017-07-04,20170704141000000,sh.600000,12.5600,12.5600,12.5300,12.5300,528700,6634797.0000,3
2017-07-04,20170704141500000,sh.600000,12.5400,12.5700,12.5300,12.5700,672500,8446385.0000,3
2017-07-04,20170704142000000,sh.600000,12.5600,12.5700,12.5500,12.5500,540500,6787770.0000,3
2017-07-04,20170704142500000,sh.600000,12.5500,12.5700,12.5400,12.5600,980600,12308099.0000,3
2017-07-04,20170704143000000,sh.600000,12.5700,12.5700,12.5600,12.5700,586500,7370478.0000,3
2017-07-04,20170704143500000,sh.600000,12.5600,12.5700,12.5300,12.5400,597100,7493020.0000,3
2017-07-04,20170704144000000,sh.600000,12.5400,12.5400,12.5300,12.5300,212800,2668244.0000,3
2017-07-04,20170704144500000,sh.600000,12.5400,12.5700,12.5300,12.5600,1419900,17828358.0000,3
2017-07-04,20170704145000000,sh.600000,12.5500,12.5600,12.5400,12.5400,677200,8501300.0000,3
2017-07-04,20170704145500000,sh.600000,12.5400,12.5500,12.5300,12.5300,274900,3446717.0000,3
2017-07-04,20170704150000000,sh.600000,12.5300,12.5700,12.5200,12.5500,1886000,23682182.0000,3
2017-07-05,20170705093500000,sh.600000,12.5000,12.5600,12.4900,12.5600,705500,8832275.0000,3
2017-07-05,20170705094000000,sh.600000,12.5600,12.5800,12.5500,12.5600,898500,11290214.0000,3
2017-07-05,20170705094500000,sh.600000,12.5600,12.5700,12.5300,12.5400,309500,3884613.0000,3
2017-07-05,20170705095000000,sh.600000,12.5300,12.5300,12.5100,12.5100,243500,3048122.0000,3
2017-07-05,20170705095500000,sh.600000,12.5100,12.5200,12.5000,12.5200,410600,5137983.0000,3
2017-07-05,20170705100000000,sh.600000,12.5100,12.5200,12.4900,12.5000,361800,4523768.0000,3
2017-07-05,20170705100500000,sh.600000,12.5000,12.5000,12.4900,12.4900,333100,4162913.0000,3
2017-07-05,20170705101000000,sh.600000,12.5000,12.5100,12.4800,12.4900,865500,10813519.0000,3
2017-07-05,20170705101500000,sh.600000,12.4900,12.4900,12.4800,12.4800,437400,5461812.0000,3
2017-07-05,20170705102000000,sh.600000,12.4800,12.4900,12.4700,12.4700,659100,8223859.0000,3
2017-07-05,20170705102500000,sh.600000,12.4800,12.5000,12.4700,12.5000,251900,3146572.0000,3
2017-07-05,20170705103000000,sh.600000,12.4900,12.5100,12.4900,12.5000,351200,4388854.0000,3
2017-07-05,20170705103500000,sh.600000,12.5000,12.5100,12.4900,12.5100,236400,2954463.0000,3
2017-07-05,20170705104000000,sh.600000,12.5000,12.5100,12.4900,12.5100,222400,2780916.0000,3
2017-07-05,20170705104500000,sh.600000,12.5100,12.5200,12.5000,12.5100,242500,3035359.0000,3
2017-07-05,20170705105000000,sh.600000,12.5200,12.5300,12.5100,12.5200,242300,3033466.0000,3
2017-07-05,20170705105500000,sh.600000,12.5300,12.5300,12.5100,12.5300,163900,2052093.0000,3
2017-07-05,20170705110000000,sh.600000,12.5200,12.5300,12.5100,12.5100,124000,1553042.0000,3
2017-07-05,20170705110500000,sh.600000,12.5100,12.5300,12.5100,12.5300,174900,2190435.0000,3
2017-07-05,20170705111000000,sh.600000,12.5200,12.5600,12.5200,12.5400,687500,8625572.0000,3
2017-07-05,20170705111500000,sh.600000,12.5500,12.5600,12.5400,12.5400,392600,4926735.0000,3
2017-07-05,20170705112000000,sh.600000,12.5500,12.5500,12.5300,12.5400,308300,3867809.0000,3
2017-07-05,20170705112500000,sh.600000,12.5400,12.5500,12.5100,12.5300,804600,10084632.0000,3
2017-07-05,20170705113000000,sh.600000,12.5300,12.5500,12.5200,12.5500,91200,1143269.0000,3
2017-07-05,20170705130500000,sh.600000,12.5700,12.5700,12.5300,12.5600,683100,8581158.0000,3
2017-07-05,20170705131000000,sh.600000,12.5500,12.5700,12.5300,12.5600,195800,2458110.0000,3
2017-07-05,20170705131500000,sh.600000,12.5700,12.5700,12.5400,12.5600,191000,2399420.0000,3
2017-07-05,20170705132000000,sh.600000,12.5600,12.5600,12.5400,12.5500,133900,1679976.0000,3
2017-07-05,20170705132500000,sh.600000,12.5500,12.5500,12.5300,12.5400,131000,1643200.0000,3
2017-07-05,20170705133000000,sh.600000,12.5300,12.5400,12.5200,12.5300,149400,1873565.0000,3
2017-07-05,20170705133500000,sh.600000,12.5400,12.5500,12.5300,12.5500,196200,2462140.0000,3
2017-07-05,20170705134000000,sh.600000,12.5500,12.5600,12.5300,12.5600,246200,3088924.0000,3
2017-07-05,20170705134500000,sh.600000,12.5500,12.5700,12.5500,12.5600,519200,6522798.0000,3
2017-07-05,20170705135000000,sh.600000,12.5700,12.5700,12.5500,12.5500,994000,12485258.0000,3
2017-07-05,20170705135500000,sh.600000,12.5600,12.5600,12.5200,12.5500,946200,11868563.0000,3
2017-07-05,20170705140000000,sh.600000,12.5600,12.5800,12.5500,12.5800,545700,6856109.0000,3
2017-07-05,20170705140500000,sh.600000,12.5600,12.5700,12.5500,12.5500,668100,8391429.0000,3
2017-07-05,20170705141000000,sh.600000,12.5500,12.5600,12.5400,12.5500,430900,5408052.0000,3
2017-07-05,20170705141500000,sh.600000,12.5500,12.5600,12.5500,12.5500,377500,4739822.0000,3
2017-07-05,20170705142000000,sh.600000,12.5500,12.5700,12.5500,12.5700,375300,4713507.0000,3
2017-07-05,20170705142500000,sh.600000,12.5600,12.5800,12.5600,12.5800,1037100,13036200.0000,3
2017-07-05,20170705143000000,sh.600000,12.5700,12.6000,12.5700,12.6000,1789400,22520696.0000,3
2017-07-05,20170705143500000,sh.600000,12.5900,12.6000,12.5800,12.6000,862200,10857667.0000,3
2017-07-05,20170705144000000,sh.600000,12.5900,12.6400,12.5900,12.6200,1949400,24602090.0000,3
2017-07-05,20170705144500000,sh.600000,12.6100,12.6500,12.6100,12.6400,1836700,23209558.0000,3
2017-07-05,20170705145000000,sh.600000,12.6300,12.6400,12.6000,12.6200,1313900,16589044.0000,3
2017-07-05,20170705145500000,sh.600000,12.6100,12.6300,12.6100,12.6200,532100,6714387.0000,3
2017-07-05,20170705150000000,sh.600000,12.6300,12.6300,12.6100,12.6200,846000,10678491.0000,3
2017-07-06,20170706093500000,sh.600000,12.6200,12.6200,12.5800,12.5900,725200,9136073.0000,3
2017-07-06,20170706094000000,sh.600000,12.5900,12.6000,12.5700,12.5800,849600,10692685.0000,3
2017-07-06,20170706094500000,sh.600000,12.5800,12.6400,12.5800,12.6300,736700,9289141.0000,3
2017-07-06,20170706095000000,sh.600000,12.6300,12.6300,12.6000,12.6100,760800,9597669.0000,3
2017-07-06,20170706095500000,sh.600000,12.6200,12.6200,12.5900,12.6000,962900,12134903.0000,3
2017-07-06,20170706100000000,sh.600000,12.6100,12.6200,12.5800,12.5900,1511000,19039162.0000,3
2017-07-06,20170706100500000,sh.600000,12.5800,12.5900,12.5500,12.5600,1252500,15735204.0000,3
2017-07-06,20170706101000000,sh.600000,12.5600,12.5700,12.5500,12.5700,889100,11163835.0000,3
2017-07-06,20170706101500000,sh.600000,12.5600,12.5700,12.5500,12.5700,512900,6442678.0000,3
2017-07-06,20170706102000000,sh.600000,12.5700,12.5800,12.5400,12.5600,749800,9414384.0000,3
2017-07-06,20170706102500000,sh.600000,12.5600,12.5700,12.5400,12.5500,825100,10353465.0000,3
2017-07-06,20170706103000000,sh.600000,12.5500,12.5500,12.5300,12.5500,759200,9519841.0000,3
2017-07-06,20170706103500000,sh.600000,12.5500,12.5600,12.5400,12.5500,575300,7217942.0000,3
2017-07-06,20170706104000000,sh.600000,12.5500,12.5600,12.5300,12.5300,621700,7796382.0000,3
2017-07-06,20170706104500000,sh.600000,12.5500,12.5500,12.5200,12.5500,908700,11391096.0000,3
2017-07-06,20170706105000000,sh.600000,12.5500,12.5600,12.5300,12.5500,473100,5937844.0000,3
2017-07-06,20170706105500000,sh.600000,12.5500,12.5600,12.5300,12.5400,330800,4150381.0000,3
2017-07-06,20170706110000000,sh.600000,12.5500,12.5500,12.5300,12.5400,268200,3362987.0000,3
2017-07-06,20170706110500000,sh.600000,12.5400,12.5500,12.5400,12.5400,327000,4101721.0000,3
2017-07-06,20170706111000000,sh.600000,12.5500,12.5500,12.5300,12.5400,484300,6074074.0000,3
2017-07-06,20170706111500000,sh.600000,12.5400,12.5600,12.5300,12.5600,456800,5734156.0000,3
2017-07-06,20170706112000000,sh.600000,12.5600,12.5800,12.5600,12.5600,244900,3077990.0000,3
2017-07-06,20170706112500000,sh.600000,12.5700,12.6100,12.5600,12.5900,778400,9800895.0000,3
2017-07-06,20170706113000000,sh.600000,12.6000,12.6000,12.5500,12.5600,330100,4152043.0000,3
2017-07-06,20170706130500000,sh.600000,12.5500,12.5600,12.5400,12.5400,481300,6041363.0000,3
2017-07-06,20170706131000000,sh.600000,12.5500,12.5500,12.5100,12.5100,1139700,14278648.0000,3
2017-07-06,20170706131500000,sh.600000,12.5200,12.5300,12.5100,12.5200,405100,5070692.0000,3
2017-07-06,20170706132000000,sh.600000,12.5300,12.5300,12.5200,12.5300,200100,2507738.0000,3
2017-07-06,20170706132500000,sh.600000,12.5400,12.5400,12.5100,12.5300,407600,5103634.0000,3
2017-07-06,20170706133000000,sh.600000,12.5300,12.5400,12.5200,12.5200,160100,2005762.0000,3
2017-07-06,20170706133500000,sh.600000,12.5300,12.5400,12.5200,12.5400,65200,817509.0000,3
2017-07-06,20170706134000000,sh.600000,12.5300,12.5400,12.5300,12.5300,133700,1675928.0000,3
2017-07-06,20170706134500000,sh.600000,12.5300,12.5400,12.5300,12.5400,189700,2378256.0000,3
2017-07-06,20170706135000000,sh.600000,12.5300,12.5400,12.5300,12.5400,278800,3495414.0000,3
2017-07-06,20170706135500000,sh.600000,12.5400,12.5500,12.5300,12.5500,282600,3543836.0000,3
2017-07-06,20170706140000000,sh.600000,12.5400,12.5800,12.5400,12.5700,407900,5123079.0000,3
2017-07-06,20170706140500000,sh.600000,12.5800,12.6100,12.5600,12.6000,1196800,15072272.0000,3
2017-07-06,20170706141000000,sh.600000,12.6000,12.6000,12.5800,12.5900,387600,4880139.0000,3
2017-07-06,20170706141500000,sh.600000,12.5900,12.6300,12.5800,12.6200,1386100,17481912.0000,3
2017-07-06,20170706142000000,sh.600000,12.6200,12.6200,12.6000,12.6100,564000,7115479.0000,3
2017-07-06,20170706142500000,sh.600000,12.6100,12.6500,12.6100,12.6400,1797600,22706532.0000,3
2017-07-06,20170706143000000,sh.600000,12.6400,12.6700,12.6400,12.6500,1416600,17924172.0000,3
2017-07-06,20170706143500000,sh.600000,12.6500,12.6900,12.6500,12.6900,2102100,26625898.0000,3
2017-07-06,20170706144000000,sh.600000,12.6800,12.7200,12.6700,12.7100,3193800,40548564.0000,3
2017-07-06,20170706144500000,sh.600000,12.7100,12.7200,12.6700,12.6900,1957600,24843184.0000,3
2017-07-06,20170706145000000,sh.600000,12.6800,12.6800,12.6500,12.6700,544700,6899837.0000,3
2017-07-06,20170706145500000,sh.600000,12.6600,12.6700,12.6600,12.6700,999300,12656625.0000,3
2017-07-06,20170706150000000,sh.600000,12.6700,12.6700,12.6400,12.6600,1380000,17469064.0000,3
2017-07-07,20170707093500000,sh.600000,12.6200,12.6200,12.5800,12.5900,1013400,12769854.0000,3
2017-07-07,20170707094000000,sh.600000,12.6000,12.6100,12.5800,12.6000,955900,12039890.0000,3
2017-07-07,20170707094500000,sh.600000,12.6000,12.6100,12.5700,12.5800,1001500,12608944.0000,3
2017-07-07,20170707095000000,sh.600000,12.5700,12.5900,12.5600,12.5600,546100,6866528.0000,3
2017-07-07,20170707095500000,sh.600000,12.5600,12.5800,12.5600,12.5800,764800,9612559.0000,3
2017-07-07,20170707100000000,sh.600000,12.5700,12.6000,12.5700,12.5700,448300,5641554.0000,3
2017-07-07,20170707100500000,sh.600000,12.5700,12.6000,12.5700,12.5900,512300,6447521.0000,3
2017-07-07,20170707101000000,sh.600000,12.5900,12.6000,12.5800,12.5900,228100,2870656.0000,3
2017-07-07,20170707101500000,sh.600000,12.5900,12.6000,12.5700,12.5800,294800,3709686.0000,3
2017-07-07,20170707102000000,sh.600000,12.5800,12.5900,12.5600,12.5800,1003800,12618461.0000,3
2017-07-07,20170707102500000,sh.600000,12.5700,12.5800,12.5500,12.5500,710600,8927703.0000,3
2017-07-07,20170707103000000,sh.600000,12.5500,12.5700,12.5500,12.5700,384400,4827627.0000,3
2017-07-07,20170707103500000,sh.600000,12.5600,12.5900,12.5600,12.5800,287200,3612986.0000,3
2017-07-07,20170707104000000,sh.600000,12.5800,12.5900,12.5600,12.5600,257600,3239840.0000,3
2017-07-07,20170707104500000,sh.600000,12.5600,12.6100,12.5600,12.5900,516100,6498693.0000,3
2017-07-07,20170707105000000,sh.600000,12.5900,12.6000,12.5800,12.5900,221800,2792616.0000,3
2017-07-07,20170707105500000,sh.600000,12.5800,12.6000,12.5800,12.5900,148700,1872763.0000,3
2017-07-07,20170707110000000,sh.600000,12.5800,12.6200,12.5800,12.5900,348100,4389977.0000,3
2017-07-07,20170707110500000,sh.600000,12.5900,12.6200,12.5900,12.6100,379600,4783268.0000,3
2017-07-07,20170707111000000,sh.600000,12.6100,12.6100,12.5900,12.6000,123700,1559647.0000,3
2017-07-07,20170707111500000,sh.600000,12.5900,12.6200,12.5900,12.6000,559300,7045408.0000,3
2017-07-07,20170707112000000,sh.600000,12.6000,12.6100,12.5900,12.6000,126200,1589996.0000,3
2017-07-07,20170707112500000,sh.600000,12.5900,12.6100,12.5900,12.6100,115000,1449338.0000,3
2017-07-07,20170707113000000,sh.600000,12.6100,12.6100,12.5900,12.6000,173100,2181969.0000,3
2017-07-07,20170707130500000,sh.600000,12.6000,12.6100,12.5900,12.6000,229800,2895100.0000,3
2017-07-07,20170707131000000,sh.600000,12.5900,12.6000,12.5800,12.5900,209400,2637042.0000,3
2017-07-07,20170707131500000,sh.600000,12.5800,12.6000,12.5800,12.6000,132200,1665812.0000,3
2017-07-07,20170707132000000,sh.600000,12.5900,12.6000,12.5800,12.5900,174500,2198122.0000,3
2017-07-07,20170707132500000,sh.600000,12.5900,12.6000,12.5800,12.5900,122600,1543761.0000,3
2017-07-07,20170707133000000,sh.600000,12.5900,12.6200,12.5800,12.6200,646600,8150701.0000,3
2017-07-07,20170707133500000,sh.600000,12.6100,12.6300,12.6100,12.6200,589600,7443673.0000,3
2017-07-07,20170707134000000,sh.600000,12.6100,12.6400,12.6100,12.6300,900200,11364945.0000,3
2017-07-07,20170707134500000,sh.600000,12.6500,12.6700,12.6300,12.6400,687000,8692075.0000,3
2017-07-07,20170707135000000,sh.600000,12.6400,12.6400,12.6100,12.6100,288500,3642990.0000,3
2017-07-07,20170707135500000,sh.600000,12.6100,12.6300,12.6000,12.6100,462100,5829978.0000,3
2017-07-07,20170707140000000,sh.600000,12.6100,12.6600,12.6000,12.6200,868700,10977581.0000,3
2017-07-07,20170707140500000,sh.600000,12.6300,12.6600,12.6200,12.6300,592100,7486164.0000,3
2017-07-07,20170707141000000,sh.600000,12.6300,12.6500,12.6200,12.6200,303200,3830577.0000,3
2017-07-07,20170707141500000,sh.600000,12.6200,12.6900,12.6200,12.6800,3108800,39367976.0000,3
2017-07-07,20170707142000000,sh.600000,12.6700,12.6800,12.6600,12.6700,408600,5175817.0000,3
2017-07-07,20170707142500000,sh.600000,12.6600,12.6700,12.6500,12.6600,485700,6149391.0000,3
2017-07-07,20170707143000000,sh.600000,12.6600,12.6600,12.6400,12.6400,494200,6252570.0000,3
2017-07-07,20170707143500000,sh.600000,12.6400,12.6500,12.6300,12.6300,395100,4992947.0000,3
2017-07-07,20170707144000000,sh.600000,12.6300,12.6400,12.6200,12.6300,358800,4531047.0000,3
2017-07-07,20170707144500000,sh.600000,12.6200,12.6300,12.6000,12.6200,633100,7985686.0000,3
2017-07-07,20170707145000000,sh.600000,12.6100,12.6200,12.6100,12.6200,373800,4713193.0000,3
2017-07-07,20170707145500000,sh.600000,12.6100,12.6200,12.6100,12.6200,388600,4902932.0000,3
2017-07-07,20170707150000000,sh.600000,12.6100,12.6200,12.5900,12.6000,691400,8713971.0000,3
2017-07-10,20170710093500000,sh.600000,12.5900,12.5900,12.5300,12.5300,964200,12103608.0000,3
2017-07-10,20170710094000000,sh.600000,12.5300,12.5900,12.5300,12.5400,1078200,13527427.0000,3
2017-07-10,20170710094500000,sh.600000,12.5600,12.5900,12.5400,12.5600,757700,9516211.0000,3
2017-07-10,20170710095000000,sh.600000,12.5500,12.5800,12.5500,12.5500,966400,12136562.0000,3
2017-07-10,20170710095500000,sh.600000,12.5500,12.5700,12.5400,12.5500,609400,7646588.0000,3
2017-07-10,20170710100000000,sh.600000,12.5400,12.5700,12.5300,12.5700,967500,12135460.0000,3
2017-07-10,20170710100500000,sh.600000,12.5700,12.5800,12.5400,12.5700,2711900,34047272.0000,3
2017-07-10,20170710101000000,sh.600000,12.5800,12.6200,12.5600,12.6100,1707400,21507888.0000,3
2017-07-10,20170710101500000,sh.600000,12.6000,12.6400,12.5700,12.5700,581600,7331582.0000,3
2017-07-10,20170710102000000,sh.600000,12.5800,12.6100,12.5800,12.6000,445700,5616338.0000,3
2017-07-10,20170710102500000,sh.600000,12.5900,12.6100,12.5900,12.5900,501300,6316662.0000,3
2017-07-10,20170710103000000,sh.600000,12.5900,12.6000,12.5700,12.5700,370300,4661140.0000,3
2017-07-10,20170710103500000,sh.600000,12.5800,12.5900,12.5700,12.5800,262400,3302807.0000,3
2017-07-10,20170710104000000,sh.600000,12.5900,12.5900,12.5800,12.5800,212300,2671262.0000,3
2017-07-10,20170710104500000,sh.600000,12.5800,12.6000,12.5800,12.6000,509400,6414658.0000,3
2017-07-10,20170710105000000,sh.600000,12.6000,12.6000,12.5900,12.5900,164800,2076044.0000,3
2017-07-10,20170710105500000,sh.600000,12.5900,12.6000,12.5900,12.5900,253600,3194207.0000,3
2017-07-10,20170710110000000,sh.600000,12.5800,12.6000,12.5800,12.5900,175300,2205711.0000,3
2017-07-10,20170710110500000,sh.600000,12.5800,12.6000,12.5800,12.5800,200100,2519320.0000,3
2017-07-10,20170710111000000,sh.600000,12.5800,12.6000,12.5800,12.5800,146300,1841797.0000,3
2017-07-10,20170710111500000,sh.600000,12.5800,12.5900,12.5600,12.5600,309900,3896305.0000,3
2017-07-10,20170710112000000,sh.600000,12.5600,12.5700,12.5500,12.5600,290800,3653485.0000,3
2017-07-10,20170710112500000,sh.600000,12.5600,12.5800,12.5500,12.5600,240000,3015747.0000,3
2017-07-10,20170710113000000,sh.600000,12.5700,12.5800,12.5600,12.5700,136800,1719783.0000,3
2017-07-10,20170710130500000,sh.600000,12.5600,12.5800,12.5600,12.5800,244200,3069765.0000,3
2017-07-10,20170710131000000,sh.600000,12.5800,12.5900,12.5700,12.5800,381000,4793049.0000,3
2017-07-10,20170710131500000,sh.600000,12.5800,12.5800,12.5700,12.5700,131400,1652195.0000,3
2017-07-10,20170710132000000,sh.600000,12.5700,12.5900,12.5600,12.5800,94800,1192894.0000,3
2017-07-10,20170710132500000,sh.600000,12.5800,12.5900,12.5800,12.5800,197400,2485983.0000,3
2017-07-10,20170710133000000,sh.600000,12.5900,12.6000,12.5800,12.5900,234300,2950191.0000,3
2017-07-10,20170710133500000,sh.600000,12.5900,12.6000,12.5800,12.5900,885400,11147339.0000,3
2017-07-10,20170710134000000,sh.600000,12.6000,12.6000,12.5900,12.5900,232100,2924110.0000,3
2017-07-10,20170710134500000,sh.600000,12.5900,12.6000,12.5700,12.5700,347600,4375403.0000,3
2017-07-10,20170710135000000,sh.600000,12.5800,12.5800,12.5700,12.5800,207900,2613894.0000,3
2017-07-10,20170710135500000,sh.600000,12.5800,12.5900,12.5700,12.5800,164500,2068867.0000,3
2017-07-10,20170710140000000,sh.600000,12.5800,12.5900,12.5700,12.5900,229000,2881481.0000,3
2017-07-10,20170710140500000,sh.600000,12.5800,12.6000,12.5800,12.5900,412700,5196818.0000,3
2017-07-10,20170710141000000,sh.600000,12.6000,12.6000,12.5800,12.5900,282100,3553200.0000,3
2017-07-10,20170710141500000,sh.600000,12.5900,12.5900,12.5700,12.5800,179100,2253685.0000,3
2017-07-10,20170710142000000,sh.600000,12.5900,12.5900,12.5700,12.5800,494700,6226559.0000,3
2017-07-10,20170710142500000,sh.600000,12.5900,12.6000,12.5700,12.5800,801300,10084313.0000,3
2017-07-10,20170710143000000,sh.600000,12.5900,12.5900,12.5700,12.5700,638900,8037691.0000,3
2017-07-10,20170710143500000,sh.600000,12.5700,12.5900,12.5600,12.5600,642700,8079205.0000,3
2017-07-10,20170710144000000,sh.600000,12.5600,12.5700,12.5500,12.5600,1034400,12987661.0000,3
2017-07-10,20170710144500000,sh.600000,12.5600,12.5700,12.5600,12.5600,295000,3706156.0000,3
2017-07-10,20170710145000000,sh.600000,12.5700,12.5700,12.5400,12.5500,934200,11729313.0000,3
2017-07-10,20170710145500000,sh.600000,12.5500,12.5600,12.5300,12.5400,1435100,18000028.0000,3
2017-07-10,20170710150000000,sh.600000,12.5400,12.5500,12.5200,12.5300,1346100,16872846.0000,3
2017-07-11,20170711093500000,sh.600000,12.5100,12.5700,12.5100,12.5400,751700,9428909.0000,3
2017-07-11,20170711094000000,sh.600000,12.5400,12.5600,12.5300,12.5400,698500,8762848.0000,3
2017-07-11,20170711094500000,sh.600000,12.5400,12.5600,12.5400,12.5600,813400,10204959.0000,3
2017-07-11,20170711095000000,sh.600000,12.5500,12.5700,12.5300,12.5700,925000,11613251.0000,3
2017-07-11,20170711095500000,sh.600000,12.5700,12.6200,12.5600,12.6200,1347300,16959788.0000,3
2017-07-11,20170711100000000,sh.600000,12.6100,12.6100,12.5800,12.5800,1275900,16067912.0000,3
2017-07-11,20170711100500000,sh.600000,12.5900,12.5900,12.5800,12.5800,714600,8994895.0000,3
2017-07-11,20170711101000000,sh.600000,12.5800,12.6000,12.5800,12.5900,427000,5376379.0000,3
2017-07-11,20170711101500000,sh.600000,12.5900,12.6600,12.5900,12.6400,3195500,40344764.0000,3
2017-07-11,20170711102000000,sh.600000,12.6600,12.6800,12.6400,12.6800,3160900,40038580.0000,3
2017-07-11,20170711102500000,sh.600000,12.6800,12.7100,12.6600,12.7000,4314000,54760240.0000,3
2017-07-11,20170711103000000,sh.600000,12.6900,12.7800,12.6900,12.7500,7620100,97125912.0000,3
2017-07-11,20170711103500000,sh.600000,12.7500,12.7600,12.7400,12.7400,2953700,37650656.0000,3
2017-07-11,20170711104000000,sh.600000,12.7400,12.7500,12.7200,12.7300,2058400,26219400.0000,3
2017-07-11,20170711104500000,sh.600000,12.7400,12.7400,12.7200,12.7300,1024000,13034764.0000,3
2017-07-11,20170711105000000,sh.600000,12.7200,12.7300,12.7000,12.7000,970000,12332643.0000,3
2017-07-11,20170711105500000,sh.600000,12.7000,12.7100,12.6900,12.7000,425700,5407430.0000,3
2017-07-11,20170711110000000,sh.600000,12.7000,12.7000,12.6800,12.7000,864400,10972578.0000,3
2017-07-11,20170711110500000,sh.600000,12.6900,12.7200,12.6900,12.7100,828000,10523169.0000,3
2017-07-11,20170711111000000,sh.600000,12.7100,12.7300,12.7100,12.7100,770000,9793305.0000,3
2017-07-11,20170711111500000,sh.600000,12.7000,12.7400,12.6900,12.7300,1218500,15493782.0000,3
2017-07-11,20170711112000000,sh.600000,12.7200,12.7400,12.7200,12.7300,1145300,14578263.0000,3
2017-07-11,20170711112500000,sh.600000,12.7200,12.7600,12.7200,12.7500,2327400,29671932.0000,3
2017-07-11,20170711113000000,sh.600000,12.7500,12.7900,12.7400,12.7900,3399400,43412104.0000,3
2017-07-11,20170711130500000,sh.600000,12.8000,12.8200,12.7900,12.8100,4591200,58795560.0000,3
2017-07-11,20170711131000000,sh.600000,12.8100,12.8600,12.8000,12.8500,3339900,42856056.0000,3
2017-07-11,20170711131500000,sh.600000,12.8600,12.8600,12.8300,12.8300,1782100,22888148.0000,3
2017-07-11,20170711132000000,sh.600000,12.8400,12.9000,12.8200,12.8800,4644400,59784904.0000,3
2017-07-11,20170711132500000,sh.600000,12.8800,12.8800,12.8600,12.8600,1470300,18924376.0000,3
2017-07-11,20170711133000000,sh.600000,12.8600,12.9000,12.8500,12.9000,4346900,55985944.0000,3
2017-07-11,20170711133500000,sh.600000,12.9100,12.9100,12.8500,12.8600,1567100,20194316.0000,3
2017-07-11,20170711134000000,sh.600000,12.8600,12.8700,12.8400,12.8500,1432700,18426890.0000,3
2017-07-11,20170711134500000,sh.600000,12.8500,12.8600,12.8300,12.8500,857600,11017426.0000,3
2017-07-11,20170711135000000,sh.600000,12.8400,12.8600,12.8400,12.8500,678800,8722744.0000,3
2017-07-11,20170711135500000,sh.600000,12.8600,12.9100,12.8500,12.8900,3993800,51479960.0000,3
2017-07-11,20170711140000000,sh.600000,12.8900,12.9000,12.8700,12.9000,2022900,26069222.0000,3
2017-07-11,20170711140500000,sh.600000,12.8900,12.9400,12.8900,12.9100,3138100,40527580.0000,3
2017-07-11,20170711141000000,sh.600000,12.9100,12.9200,12.8700,12.8800,1713100,22094594.0000,3
2017-07-11,20170711141500000,sh.600000,12.8700,12.8800,12.8600,12.8700,1274500,16402573.0000,3
2017-07-11,20170711142000000,sh.600000,12.8600,12.9400,12.8600,12.9300,2362200,30480452.0000,3
2017-07-11,20170711142500000,sh.600000,12.9400,12.9400,12.9100,12.9200,3608300,46658024.0000,3
2017-07-11,20170711143000000,sh.600000,12.9200,12.9200,12.8800,12.8800,1481600,19113408.0000,3
2017-07-11,20170711143500000,sh.600000,12.8700,12.9100,12.8700,12.8800,2124000,27388492.0000,3
2017-07-11,20170711144000000,sh.600000,12.8800,12.8800,12.8200,12.8400,1416400,18207888.0000,3
2017-07-11,20170711144500000,sh.600000,12.8400,12.8800,12.8400,12.8600,1405000,18070864.0000,3
2017-07-11,20170711145000000,sh.600000,12.8500,12.8500,12.8000,12.8100,1671700,21420708.0000,3
2017-07-11,20170711145500000,sh.600000,12.8100,12.8300,12.7900,12.8100,1347800,17261368.0000,3
2017-07-11,20170711150000000,sh.600000,12.8200,12.8200,12.8000,12.8000,1333800,17086632.0000,3
2017-07-12,20170712093500000,sh.600000,12.8000,12.8300,12.7600,12.7600,2624300,33569376.0000,3
2017-07-12,20170712094000000,sh.600000,12.7600,12.8700,12.7400,12.8700,3118700,39938084.0000,3
2017-07-12,20170712094500000,sh.600000,12.8500,12.9200,12.8400,12.9200,4202400,54165280.0000,3
2017-07-12,20170712095000000,sh.600000,12.9200,12.9900,12.9200,12.9800,5380200,69671320.0000,3
2017-07-12,20170712095500000,sh.600000,12.9800,12.9800,12.9200,12.9300,3730500,48378156.0000,3
2017-07-12,20170712100000000,sh.600000,12.9200,12.9400,12.8900,12.8900,2385700,30821636.0000,3
2017-07-12,20170712100500000,sh.600000,12.9000,12.9200,12.8800,12.9200,1796300,23175280.0000,3
2017-07-12,20170712101000000,sh.600000,12.9200,12.9400,12.9000,12.9000,1756600,22691412.0000,3
2017-07-12,20170712101500000,sh.600000,12.9000,12.9300,12.8900,12.9300,2083200,26896072.0000,3
2017-07-12,20170712102000000,sh.600000,12.9100,12.9600,12.9100,12.9500,2814300,36426944.0000,3
2017-07-12,20170712102500000,sh.600000,12.9400,13.0400,12.9300,13.0300,6124700,79552112.0000,3
2017-07-12,20170712103000000,sh.600000,13.0300,13.0600,13.0200,13.0500,4234200,55238028.0000,3
2017-07-12,20170712103500000,sh.600000,13.0500,13.0500,12.9900,13.0000,3102200,40423416.0000,3
2017-07-12,20170712104000000,sh.600000,13.0000,13.0200,12.9800,12.9900,1037700,13482146.0000,3
2017-07-12,20170712104500000,sh.600000,13.0000,13.0200,12.9700,13.0000,2036800,26479204.0000,3
2017-07-12,20170712105000000,sh.600000,13.0200,13.0200,12.9900,12.9900,1680700,21847638.0000,3
2017-07-12,20170712105500000,sh.600000,12.9900,13.0000,12.9500,12.9600,1624000,21074956.0000,3
2017-07-12,20170712110000000,sh.600000,12.9500,12.9600,12.9000,12.9300,1900200,24568452.0000,3
2017-07-12,20170712110500000,sh.600000,12.9400,12.9400,12.8900,12.9100,1395100,18010972.0000,3
2017-07-12,20170712111000000,sh.600000,12.9000,12.9400,12.9000,12.9300,1187700,15354761.0000,3
2017-07-12,20170712111500000,sh.600000,12.9200,12.9600,12.9200,12.9600,565700,7322640.0000,3
2017-07-12,20170712112000000,sh.600000,12.9500,13.0000,12.9400,13.0000,875700,11362790.0000,3
2017-07-12,20170712112500000,sh.600000,12.9900,13.0000,12.9500,12.9700,864600,11225188.0000,3
2017-07-12,20170712113000000,sh.600000,12.9600,13.0000,12.9600,13.0000,917300,11904664.0000,3
2017-07-12,20170712130500000,sh.600000,13.0000,13.0100,12.9800,12.9900,1342200,17443748.0000,3
2017-07-12,20170712131000000,sh.600000,12.9900,13.0100,12.9700,12.9800,612600,7959537.0000,3
2017-07-12,20170712131500000,sh.600000,12.9700,12.9800,12.9600,12.9600,473200,6137350.0000,3
2017-07-12,20170712132000000,sh.600000,12.9600,12.9700,12.9300,12.9300,483100,6259102.0000,3
2017-07-12,20170712132500000,sh.600000,12.9300,12.9600,12.9200,12.9400,574400,7431302.0000,3
2017-07-12,20170712133000000,sh.600000,12.9400,12.9500,12.9200,12.9400,350100,4528707.0000,3
2017-07-12,20170712133500000,sh.600000,12.9300,12.9500,12.9300,12.9400,364400,4714788.0000,3
2017-07-12,20170712134000000,sh.600000,12.9400,12.9600,12.9100,12.9200,879800,11381527.0000,3
2017-07-12,20170712134500000,sh.600000,12.9100,12.9200,12.8700,12.8700,1491300,19230240.0000,3
2017-07-12,20170712135000000,sh.600000,12.8700,12.8800,12.8500,12.8600,1309400,16844346.0000,3
2017-07-12,20170712135500000,sh.600000,12.8600,12.8800,12.8600,12.8600,457900,5892041.0000,3
2017-07-12,20170712140000000,sh.600000,12.8700,12.8700,12.8300,12.8500,1155700,14849450.0000,3
2017-07-12,20170712140500000,sh.600000,12.8400,12.8400,12.7800,12.8000,2131100,27278940.0000,3
2017-07-12,20170712141000000,sh.600000,12.8000,12.8300,12.8000,12.8300,534200,6849156.0000,3
2017-07-12,20170712141500000,sh.600000,12.8300,12.8300,12.7900,12.8200,1068300,13682743.0000,3
2017-07-12,20170712142000000,sh.600000,12.8100,12.8500,12.8100,12.8400,622100,7978132.0000,3
2017-07-12,20170712142500000,sh.600000,12.8300,12.8500,12.8200,12.8400,380900,4889773.0000,3
2017-07-12,20170712143000000,sh.600000,12.8400,12.8700,12.8200,12.8200,603100,7746026.0000,3
2017-07-12,20170712143500000,sh.600000,12.8200,12.8400,12.8100,12.8100,621200,7963077.0000,3
2017-07-12,20170712144000000,sh.600000,12.8300,12.8600,12.8100,12.8400,650300,8350823.0000,3
2017-07-12,20170712144500000,sh.600000,12.8500,12.8500,12.7700,12.7900,2241700,28677372.0000,3
2017-07-12,20170712145000000,sh.600000,12.7800,12.8000,12.7800,12.7900,757700,9687705.0000,3
2017-07-12,20170712145500000,sh.600000,12.7900,12.8000,12.7800,12.8000,1050800,13444072.0000,3
2017-07-12,20170712150000000,sh.600000,12.8000,12.8600,12.7900,12.8600,2872200,36813552.0000,3
2017-07-13,20170713093500000,sh.600000,12.8200,12.8800,12.7700,12.8800,2349400,30108072.0000,3
2017-07-13,20170713094000000,sh.600000,12.8800,12.9300,12.8600,12.9000,2212300,28536668.0000,3
2017-07-13,20170713094500000,sh.600000,12.8900,12.9700,12.8600,12.9400,2486100,32111708.0000,3
2017-07-13,20170713095000000,sh.600000,12.9600,13.0100,12.9300,12.9800,3620300,46960724.0000,3
2017-07-13,20170713095500000,sh.600000,12.9800,13.0000,12.9400,13.0000,1767900,22935516.0000,3
2017-07-13,20170713100000000,sh.600000,13.0000,13.0100,12.9500,12.9600,3685600,47870348.0000,3
2017-07-13,20170713100500000,sh.600000,12.9600,13.0300,12.9400,13.0200,2293500,29788528.0000,3
2017-07-13,20170713101000000,sh.600000,13.0200,13.0400,12.9700,13.0000,2546200,33143944.0000,3
2017-07-13,20170713101500000,sh.600000,12.9800,13.0000,12.9500,12.9600,966300,12542362.0000,3
2017-07-13,20170713102000000,sh.600000,12.9600,13.0000,12.9400,12.9800,1650100,21402400.0000,3
2017-07-13,20170713102500000,sh.600000,12.9800,13.0000,12.9500,12.9600,2431900,31574428.0000,3
2017-07-13,20170713103000000,sh.600000,12.9500,12.9500,12.9200,12.9300,1227200,15877989.0000,3
2017-07-13,20170713103500000,sh.600000,12.9300,12.9400,12.9200,12.9300,593100,7670523.0000,3
2017-07-13,20170713104000000,sh.600000,12.9300,12.9400,12.9200,12.9300,518200,6699311.0000,3
2017-07-13,20170713104500000,sh.600000,12.9200,12.9300,12.9100,12.9200,577800,7464811.0000,3
2017-07-13,20170713105000000,sh.600000,12.9100,12.9300,12.9100,12.9200,671500,8677416.0000,3
2017-07-13,20170713105500000,sh.600000,12.9100,12.9300,12.9100,12.9100,666500,8610038.0000,3
2017-07-13,20170713110000000,sh.600000,12.9100,12.9200,12.9100,12.9100,1091900,14102367.0000,3
2017-07-13,20170713110500000,sh.600000,12.9200,12.9300,12.9100,12.9200,601900,7775824.0000,3
2017-07-13,20170713111000000,sh.600000,12.9200,12.9200,12.8600,12.8700,1467500,18920654.0000,3
2017-07-13,20170713111500000,sh.600000,12.8600,12.9000,12.8600,12.8900,853800,11002065.0000,3
2017-07-13,20170713112000000,sh.600000,12.8800,12.9000,12.8700,12.8900,697000,8983076.0000,3
2017-07-13,20170713112500000,sh.600000,12.9000,12.9100,12.8900,12.8900,841700,10855455.0000,3
2017-07-13,20170713113000000,sh.600000,12.8900,12.8900,12.8700,12.8900,926600,11935541.0000,3
2017-07-13,20170713130500000,sh.600000,12.8900,12.9100,12.8800,12.8900,959900,12374515.0000,3
2017-07-13,20170713131000000,sh.600000,12.8900,12.9100,12.8900,12.9000,756500,9758904.0000,3
2017-07-13,20170713131500000,sh.600000,12.9000,12.9400,12.9000,12.9400,1784600,23060240.0000,3
2017-07-13,20170713132000000,sh.600000,12.9300,12.9500,12.9200,12.9400,1237200,16007450.0000,3
2017-07-13,20170713132500000,sh.600000,12.9500,12.9500,12.9200,12.9300,1134800,14685846.0000,3
2017-07-13,20170713133000000,sh.600000,12.9300,12.9600,12.9200,12.9600,1481200,19174036.0000,3
2017-07-13,20170713133500000,sh.600000,12.9400,12.9600,12.9300,12.9400,959400,12426222.0000,3
2017-07-13,20170713134000000,sh.600000,12.9300,12.9600,12.9300,12.9400,930500,12047976.0000,3
2017-07-13,20170713134500000,sh.600000,12.9600,13.0400,12.9600,13.0300,5861100,76241728.0000,3
2017-07-13,20170713135000000,sh.600000,13.0300,13.0400,12.9900,12.9900,2288300,29797992.0000,3
2017-07-13,20170713135500000,sh.600000,12.9900,13.0000,12.9600,12.9700,1003500,13030535.0000,3
2017-07-13,20170713140000000,sh.600000,12.9600,12.9700,12.9500,12.9600,822000,10655231.0000,3
2017-07-13,20170713140500000,sh.600000,12.9600,12.9900,12.9600,12.9700,675500,8763564.0000,3
2017-07-13,20170713141000000,sh.600000,12.9900,13.0200,12.9700,13.0100,2363500,30724980.0000,3
2017-07-13,20170713141500000,sh.600000,13.0100,13.0100,12.9800,13.0000,1653400,21491134.0000,3
2017-07-13,20170713142000000,sh.600000,13.0000,13.1000,13.0000,13.0900,9737400,127130896.0000,3
2017-07-13,20170713142500000,sh.600000,13.1000,13.1300,13.0700,13.1000,3984500,52219024.0000,3
2017-07-13,20170713143000000,sh.600000,13.1000,13.1000,13.0700,13.0900,1742500,22802390.0000,3
2017-07-13,20170713143500000,sh.600000,13.0800,13.1000,13.0700,13.0900,1743600,22814394.0000,3
2017-07-13,20170713144000000,sh.600000,13.0800,13.1300,13.0800,13.1000,3453600,45273580.0000,3
2017-07-13,20170713144500000,sh.600000,13.0900,13.1100,13.0800,13.0800,2032600,26625164.0000,3
2017-07-13,20170713145000000,sh.600000,13.0900,13.1000,13.0700,13.0900,2315000,30292088.0000,3
2017-07-13,20170713145500000,sh.600000,13.0900,13.1900,13.0900,13.1800,11509400,151334528.0000,3
2017-07-13,20170713150000000,sh.600000,13.1800,13.2900,13.1700,13.2700,13042700,172502112.0000,3
2017-07-14,20170714093500000,sh.600000,13.3400,13.5500,13.3400,13.5300,20933900,281632576.0000,3
2017-07-14,20170714094000000,sh.600000,13.5500,13.8000,13.5400,13.7600,21772600,297312416.0000,3
2017-07-14,20170714094500000,sh.600000,13.7700,13.7900,13.6100,13.6300,12115700,165790400.0000,3
2017-07-14,20170714095000000,sh.600000,13.6300,13.7100,13.5900,13.6400,11387400,155504464.0000,3
2017-07-14,20170714095500000,sh.600000,13.6500,13.6500,13.5500,13.5500,5545500,75460088.0000,3
2017-07-14,20170714100000000,sh.600000,13.5600,13.5700,13.4400,13.4700,5492900,74282840.0000,3
2017-07-14,20170714100500000,sh.600000,13.4700,13.5400,13.4700,13.4900,2770300,37425604.0000,3
2017-07-14,20170714101000000,sh.600000,13.4900,13.5300,13.4700,13.5200,2672500,36064752.0000,3
2017-07-14,20170714101500000,sh.600000,13.5100,13.5300,13.4800,13.5000,2126900,28706510.0000,3
2017-07-14,20170714102000000,sh.600000,13.5000,13.5700,13.4900,13.5200,2686000,36369312.0000,3
2017-07-14,20170714102500000,sh.600000,13.5200,13.5500,13.5000,13.5400,1552100,21001658.0000,3
2017-07-14,20170714103000000,sh.600000,13.5300,13.5800,13.5300,13.5500,1778600,24120560.0000,3
2017-07-14,20170714103500000,sh.600000,13.5500,13.5500,13.5200,13.5200,911000,12331903.0000,3
2017-07-14,20170714104000000,sh.600000,13.5200,13.5400,13.4900,13.5200,2396800,32387570.0000,3
2017-07-14,20170714104500000,sh.600000,13.5200,13.5500,13.5200,13.5400,1147300,15526396.0000,3
2017-07-14,20170714105000000,sh.600000,13.5400,13.5500,13.5100,13.5500,1032400,13972719.0000,3
2017-07-14,20170714105500000,sh.600000,13.5400,13.5600,13.5200,13.5200,958300,12975052.0000,3
2017-07-14,20170714110000000,sh.600000,13.5200,13.5300,13.4600,13.4600,1283000,17310344.0000,3
2017-07-14,20170714110500000,sh.600000,13.4700,13.4700,13.4200,13.4400,2161700,29062504.0000,3
2017-07-14,20170714111000000,sh.600000,13.4400,13.4800,13.4400,13.4500,763400,10278608.0000,3
2017-07-14,20170714111500000,sh.600000,13.4600,13.4700,13.4400,13.4500,741500,9977911.0000,3
2017-07-14,20170714112000000,sh.600000,13.4500,13.4500,13.4200,13.4300,1104400,14831194.0000,3
2017-07-14,20170714112500000,sh.600000,13.4300,13.4400,13.4100,13.4100,1243900,16700247.0000,3
2017-07-14,20170714113000000,sh.600000,13.4100,13.4200,13.3800,13.3900,1630600,21839148.0000,3
2017-07-14,20170714130500000,sh.600000,13.4000,13.4400,13.3800,13.4300,1027900,13771591.0000,3
2017-07-14,20170714131000000,sh.600000,13.4400,13.4400,13.4200,13.4300,475100,6381250.0000,3
2017-07-14,20170714131500000,sh.600000,13.4300,13.4600,13.4200,13.4400,1555100,20915696.0000,3
2017-07-14,20170714132000000,sh.600000,13.4400,13.4900,13.4300,13.4900,1019400,13725967.0000,3
2017-07-14,20170714132500000,sh.600000,13.5000,13.5100,13.4800,13.5100,761200,10272362.0000,3
2017-07-14,20170714133000000,sh.600000,13.5000,13.5300,13.5000,13.5100,822600,11119573.0000,3
2017-07-14,20170714133500000,sh.600000,13.5100,13.5200,13.5000,13.5100,706500,9544036.0000,3
2017-07-14,20170714134000000,sh.600000,13.5100,13.5100,13.4800,13.4900,1162800,15699882.0000,3
2017-07-14,20170714134500000,sh.600000,13.4900,13.4900,13.4500,13.4600,938000,12632787.0000,3
2017-07-14,20170714135000000,sh.600000,13.4600,13.4700,13.4500,13.4600,536300,7218368.0000,3
2017-07-14,20170714135500000,sh.600000,13.4500,13.4800,13.4300,13.4700,867900,11676567.0000,3
2017-07-14,20170714140000000,sh.600000,13.4700,13.5100,13.4600,13.5100,1328600,17926212.0000,3
2017-07-14,20170714140500000,sh.600000,13.5000,13.5100,13.4700,13.4800,682200,9199356.0000,3
2017-07-14,20170714141000000,sh.600000,13.4700,13.5400,13.4600,13.5400,1602700,21631566.0000,3
2017-07-14,20170714141500000,sh.600000,13.5300,13.5400,13.5000,13.5100,914700,12363148.0000,3
2017-07-14,20170714142000000,sh.600000,13.5000,13.5200,13.4900,13.5200,1021600,13800861.0000,3
2017-07-14,20170714142500000,sh.600000,13.5200,13.5200,13.4900,13.5000,1253400,16934558.0000,3
2017-07-14,20170714143000000,sh.600000,13.5100,13.5100,13.4500,13.5100,1352300,18239302.0000,3
2017-07-14,20170714143500000,sh.600000,13.5100,13.5300,13.4900,13.5200,1386300,18744148.0000,3
2017-07-14,20170714144000000,sh.600000,13.5200,13.5500,13.5000,13.5400,1841200,24925584.0000,3
2017-07-14,20170714144500000,sh.600000,13.5400,13.6600,13.5400,13.6500,5536500,75422576.0000,3
2017-07-14,20170714145000000,sh.600000,13.6500,13.6600,13.6000,13.6400,6433100,87732832.0000,3
2017-07-14,20170714145500000,sh.600000,13.6000,13.6400,13.5700,13.6000,3291100,44762768.0000,3
2017-07-14,20170714150000000,sh.600000,13.6000,13.6200,13.5800,13.5900,4138000,56289576.0000,3
2017-07-17,20170717093500000,sh.600000,13.6200,13.7500,13.5600,13.6900,9676400,132131448.0000,3
2017-07-17,20170717094000000,sh.600000,13.6900,13.7200,13.6000,13.6500,6632500,90577056.0000,3
2017-07-17,20170717094500000,sh.600000,13.6500,13.6700,13.4300,13.4600,7122900,96606432.0000,3
2017-07-17,20170717095000000,sh.600000,13.4700,13.5500,13.3700,13.4500,7441500,99981080.0000,3
2017-07-17,20170717095500000,sh.600000,13.4300,13.4500,13.2800,13.4000,6993100,93493528.0000,3
2017-07-17,20170717100000000,sh.600000,13.3900,13.4900,13.3900,13.4800,4431100,59575616.0000,3
2017-07-17,20170717100500000,sh.600000,13.4900,13.5200,13.4500,13.5200,3494300,47116964.0000,3
2017-07-17,20170717101000000,sh.600000,13.5200,13.5200,13.4800,13.5000,2881200,38908132.0000,3
2017-07-17,20170717101500000,sh.600000,13.5000,13.5100,13.4200,13.4500,3585900,48301004.0000,3
2017-07-17,20170717102000000,sh.600000,13.4500,13.4600,13.4000,13.4100,2890200,38798408.0000,3
2017-07-17,20170717102500000,sh.600000,13.4100,13.5300,13.4100,13.5300,1985500,26749780.0000,3
2017-07-17,20170717103000000,sh.600000,13.5300,13.5400,13.5000,13.5300,2302300,31122092.0000,3
2017-07-17,20170717103500000,sh.600000,13.5300,13.5700,13.5000,13.5600,2021200,27364450.0000,3
2017-07-17,20170717104000000,sh.600000,13.5600,13.6200,13.5600,13.6200,5124100,69613616.0000,3
2017-07-17,20170717104500000,sh.600000,13.6200,13.6500,13.4800,13.4900,3847800,52195584.0000,3
2017-07-17,20170717105000000,sh.600000,13.5000,13.5400,13.4700,13.5000,3223300,43472372.0000,3
2017-07-17,20170717105500000,sh.600000,13.4900,13.5100,13.4900,13.5000,1461900,19729328.0000,3
2017-07-17,20170717110000000,sh.600000,13.5000,13.5400,13.4700,13.5400,1683700,22702606.0000,3
2017-07-17,20170717110500000,sh.600000,13.5400,13.6600,13.5400,13.6600,3034400,41314796.0000,3
2017-07-17,20170717111000000,sh.600000,13.6500,13.7300,13.6500,13.7200,4742600,64921384.0000,3
2017-07-17,20170717111500000,sh.600000,13.7200,13.9200,13.7200,13.8600,7742000,106964616.0000,3
2017-07-17,20170717112000000,sh.600000,13.8600,13.8800,13.8100,13.8400,3552500,49184848.0000,3
2017-07-17,20170717112500000,sh.600000,13.8100,13.9200,13.7800,13.9200,4235400,58627164.0000,3
2017-07-17,20170717113000000,sh.600000,13.9100,13.9800,13.8300,13.9600,8656200,120461800.0000,3
2017-07-17,20170717130500000,sh.600000,13.9600,14.0000,13.8400,13.8600,4312900,60165080.0000,3
2017-07-17,20170717131000000,sh.600000,13.8700,13.8800,13.8500,13.8700,1824900,25306932.0000,3
2017-07-17,20170717131500000,sh.600000,13.8600,13.8700,13.8000,13.8000,1858900,25718586.0000,3
2017-07-17,20170717132000000,sh.600000,13.8100,13.8600,13.8000,13.8300,1232000,17027264.0000,3
2017-07-17,20170717132500000,sh.600000,13.8400,13.9100,13.8300,13.8700,1886900,26189500.0000,3
2017-07-17,20170717133000000,sh.600000,13.8700,13.9200,13.8600,13.9100,2219400,30855028.0000,3
2017-07-17,20170717133500000,sh.600000,13.9300,13.9500,13.8900,13.9200,1933200,26912324.0000,3
2017-07-17,20170717134000000,sh.600000,13.9200,13.9400,13.8900,13.9000,2727000,37933944.0000,3
2017-07-17,20170717134500000,sh.600000,13.9100,13.9100,13.8500,13.8600,1738300,24121696.0000,3
2017-07-17,20170717135000000,sh.600000,13.8700,13.9100,13.8500,13.8900,1893700,26290760.0000,3
2017-07-17,20170717135500000,sh.600000,13.8900,13.9300,13.8800,13.9300,2809000,39081880.0000,3
2017-07-17,20170717140000000,sh.600000,13.9300,13.9600,13.9200,13.9600,2977400,41516136.0000,3
2017-07-17,20170717140500000,sh.600000,13.9600,14.0200,13.9400,13.9400,8152600,114029728.0000,3
2017-07-17,20170717141000000,sh.600000,13.9400,13.9400,13.9100,13.9100,2296300,31985304.0000,3
2017-07-17,20170717141500000,sh.600000,13.9100,13.9500,13.9000,13.9000,2621800,36506060.0000,3
2017-07-17,20170717142000000,sh.600000,13.9000,13.9000,13.7700,13.8200,4259000,58901336.0000,3
2017-07-17,20170717142500000,sh.600000,13.8300,13.8800,13.8100,13.8100,2534100,35074888.0000,3
2017-07-17,20170717143000000,sh.600000,13.8100,13.8200,13.7200,13.7200,2723300,37496660.0000,3
2017-07-17,20170717143500000,sh.600000,13.7100,13.7700,13.6800,13.7700,4004300,54901240.0000,3
2017-07-17,20170717144000000,sh.600000,13.7500,13.7500,13.7000,13.7000,4133900,56743136.0000,3
2017-07-17,20170717144500000,sh.600000,13.7100,13.8000,13.7000,13.8000,2431500,33406938.0000,3
2017-07-17,20170717145000000,sh.600000,13.8000,13.8000,13.7500,13.7700,1739500,23955470.0000,3
2017-07-17,20170717145500000,sh.600000,13.7700,13.8100,13.7100,13.7100,4210300,57905440.0000,3
2017-07-17,20170717150000000,sh.600000,13.7300,13.7900,13.7000,13.7600,3376900,46409740.0000,3
2017-07-18,20170718093500000,sh.600000,13.6500,13.6500,13.5000,13.5300,6470700,87989288.0000,3
2017-07-18,20170718094000000,sh.600000,13.5200,13.6100,13.5100,13.5500,3483600,47176752.0000,3
2017-07-18,20170718094500000,sh.600000,13.5400,13.6000,13.4800,13.5800,4727700,63904404.0000,3
2017-07-18,20170718095000000,sh.600000,13.5900,13.6300,13.5300,13.6200,2122400,28868828.0000,3
2017-07-18,20170718095500000,sh.600000,13.6400,13.6400,13.5600,13.5700,2243500,30489180.0000,3
2017-07-18,20170718100000000,sh.600000,13.5800,13.6700,13.5400,13.6400,1527300,20796886.0000,3
2017-07-18,20170718100500000,sh.600000,13.6400,13.6600,13.6000,13.6000,1579200,21521984.0000,3
2017-07-18,20170718101000000,sh.600000,13.6000,13.6900,13.6000,13.6600,2171100,29665826.0000,3
2017-07-18,20170718101500000,sh.600000,13.6600,13.7200,13.6600,13.6600,1265400,17321626.0000,3
2017-07-18,20170718102000000,sh.600000,13.6700,13.6800,13.6000,13.6000,1191800,16249839.0000,3
2017-07-18,20170718102500000,sh.600000,13.6000,13.6600,13.5800,13.6100,1171700,15949701.0000,3
2017-07-18,20170718103000000,sh.600000,13.6000,13.6100,13.5800,13.5900,1140700,15499149.0000,3
2017-07-18,20170718103500000,sh.600000,13.5900,13.6000,13.5400,13.5800,1173200,15909296.0000,3
2017-07-18,20170718104000000,sh.600000,13.5800,13.5900,13.5500,13.5900,824000,11185288.0000,3
2017-07-18,20170718104500000,sh.600000,13.5800,13.6100,13.5700,13.5800,627300,8522846.0000,3
2017-07-18,20170718105000000,sh.600000,13.5700,13.5900,13.5000,13.5200,2081300,28166768.0000,3
2017-07-18,20170718105500000,sh.600000,13.5300,13.5500,13.4900,13.5000,1854100,25046066.0000,3
2017-07-18,20170718110000000,sh.600000,13.4900,13.5000,13.4500,13.5000,2168900,29230974.0000,3
2017-07-18,20170718110500000,sh.600000,13.5000,13.5300,13.4700,13.5000,1086200,14656368.0000,3
2017-07-18,20170718111000000,sh.600000,13.4900,13.5800,13.4800,13.5700,1115800,15118109.0000,3
2017-07-18,20170718111500000,sh.600000,13.5600,13.5700,13.5400,13.5400,1173100,15900254.0000,3
2017-07-18,20170718112000000,sh.600000,13.5400,13.5800,13.5100,13.5700,428200,5796902.0000,3
2017-07-18,20170718112500000,sh.600000,13.5500,13.5700,13.5200,13.5400,346700,4693887.0000,3
2017-07-18,20170718113000000,sh.600000,13.5300,13.5300,13.4400,13.4500,1370900,18468990.0000,3
2017-07-18,20170718130500000,sh.600000,13.4600,13.5000,13.4100,13.4900,2492400,33502984.0000,3
2017-07-18,20170718131000000,sh.600000,13.4900,13.4900,13.4400,13.4600,798400,10752519.0000,3
2017-07-18,20170718131500000,sh.600000,13.4600,13.4600,13.4000,13.4400,1421500,19083920.0000,3
2017-07-18,20170718132000000,sh.600000,13.4300,13.5000,13.4200,13.4700,852700,11470869.0000,3
2017-07-18,20170718132500000,sh.600000,13.4800,13.4800,13.4400,13.4600,900800,12127031.0000,3
2017-07-18,20170718133000000,sh.600000,13.4600,13.4700,13.4300,13.4600,903100,12143805.0000,3
2017-07-18,20170718133500000,sh.600000,13.4500,13.4600,13.4200,13.4300,1505200,20230588.0000,3
2017-07-18,20170718134000000,sh.600000,13.4200,13.4500,13.4200,13.4500,549200,7379880.0000,3
2017-07-18,20170718134500000,sh.600000,13.4600,13.4600,13.4200,13.4300,713600,9589735.0000,3
2017-07-18,20170718135000000,sh.600000,13.4400,13.4700,13.4200,13.4400,727900,9788803.0000,3
2017-07-18,20170718135500000,sh.600000,13.4500,13.4600,13.4400,13.4600,579500,7794722.0000,3
2017-07-18,20170718140000000,sh.600000,13.4700,13.4800,13.4500,13.4600,477100,6424509.0000,3
2017-07-18,20170718140500000,sh.600000,13.4700,13.5700,13.4600,13.5500,1706500,23061288.0000,3
2017-07-18,20170718141000000,sh.600000,13.5400,13.5800,13.5200,13.5300,1479500,20053864.0000,3
2017-07-18,20170718141500000,sh.600000,13.5300,13.5700,13.5300,13.5500,487000,6597198.0000,3
2017-07-18,20170718142000000,sh.600000,13.5400,13.5800,13.5300,13.5600,683100,9260860.0000,3
2017-07-18,20170718142500000,sh.600000,13.5700,13.6200,13.5600,13.6000,1349500,18351384.0000,3
2017-07-18,20170718143000000,sh.600000,13.6000,13.6000,13.5300,13.5700,714100,9678811.0000,3
2017-07-18,20170718143500000,sh.600000,13.5700,13.5900,13.5500,13.5900,913900,12399013.0000,3
2017-07-18,20170718144000000,sh.600000,13.5900,13.5900,13.5300,13.5500,731500,9923689.0000,3
2017-07-18,20170718144500000,sh.600000,13.5700,13.6000,13.5500,13.5900,1355300,18406864.0000,3
2017-07-18,20170718145000000,sh.600000,13.5900,13.6000,13.5100,13.5300,1508400,20444834.0000,3
2017-07-18,20170718145500000,sh.600000,13.5400,13.5600,13.5300,13.5600,1763700,23889800.0000,3
2017-07-18,20170718150000000,sh.600000,13.5600,13.5700,13.5400,13.5500,1934900,26231376.0000,3
2017-07-19,20170719093500000,sh.600000,13.5600,13.6200,13.5400,13.6100,1912800,25957708.0000,3
2017-07-19,20170719094000000,sh.600000,13.6100,13.6100,13.5000,13.5200,1545400,20937580.0000,3
2017-07-19,20170719094500000,sh.600000,13.5200,13.5500,13.4900,13.5300,1837000,24835004.0000,3
2017-07-19,20170719095000000,sh.600000,13.5300,13.5400,13.5000,13.5000,1554600,21008288.0000,3
2017-07-19,20170719095500000,sh.600000,13.5000,13.5100,13.4800,13.5000,1473900,19890876.0000,3
2017-07-19,20170719100000000,sh.600000,13.5100,13.5300,13.5000,13.5200,1092900,14768250.0000,3
2017-07-19,20170719100500000,sh.600000,13.5200,13.5700,13.5200,13.5400,1784600,24179520.0000,3
2017-07-19,20170719101000000,sh.600000,13.5400,13.5600,13.5400,13.5500,1336400,18108970.0000,3
2017-07-19,20170719101500000,sh.600000,13.5400,13.6000,13.5400,13.5900,1937700,26303132.0000,3
2017-07-19,20170719102000000,sh.600000,13.5800,13.6200,13.5600,13.6000,1777200,24167138.0000,3
2017-07-19,20170719102500000,sh.600000,13.5900,13.6000,13.5700,13.5800,1527400,20748522.0000,3
2017-07-19,20170719103000000,sh.600000,13.5900,13.6000,13.5600,13.6000,1625100,22075888.0000,3
2017-07-19,20170719103500000,sh.600000,13.6000,13.7100,13.6000,13.7000,3354900,45812576.0000,3
2017-07-19,20170719104000000,sh.600000,13.7200,13.7200,13.6700,13.7000,2198800,30117866.0000,3
2017-07-19,20170719104500000,sh.600000,13.7000,13.7800,13.6900,13.7200,2965000,40744820.0000,3
2017-07-19,20170719105000000,sh.600000,13.7300,13.7500,13.6900,13.6900,1711500,23469218.0000,3
2017-07-19,20170719105500000,sh.600000,13.6900,13.7000,13.6700,13.6900,808800,11071308.0000,3
2017-07-19,20170719110000000,sh.600000,13.6900,13.7000,13.6400,13.6600,1674300,22873828.0000,3
2017-07-19,20170719110500000,sh.600000,13.6600,13.6700,13.6400,13.6500,505400,6901810.0000,3
2017-07-19,20170719111000000,sh.600000,13.6500,13.6900,13.6400,13.6700,554600,7578017.0000,3
2017-07-19,20170719111500000,sh.600000,13.6700,13.7100,13.6500,13.6500,900700,12324979.0000,3
2017-07-19,20170719112000000,sh.600000,13.6500,13.6700,13.6500,13.6600,683900,9339856.0000,3
2017-07-19,20170719112500000,sh.600000,13.6500,13.6600,13.6300,13.6300,808400,11030004.0000,3
2017-07-19,20170719113000000,sh.600000,13.6400,13.6500,13.6300,13.6400,522100,7120990.0000,3
2017-07-19,20170719130500000,sh.600000,13.6500,13.6600,13.6300,13.6400,863900,11785238.0000,3
2017-07-19,20170719131000000,sh.600000,13.6400,13.6600,13.6300,13.6500,645400,8805531.0000,3
2017-07-19,20170719131500000,sh.600000,13.6400,13.6800,13.6400,13.6400,736300,10055685.0000,3
2017-07-19,20170719132000000,sh.600000,13.6400,13.6400,13.5900,13.6000,1745200,23750684.0000,3
2017-07-19,20170719132500000,sh.600000,13.6100,13.6100,13.5600,13.5600,1589000,21587908.0000,3
2017-07-19,20170719133000000,sh.600000,13.5600,13.5900,13.5600,13.5800,638400,8669322.0000,3
2017-07-19,20170719133500000,sh.600000,13.5700,13.5900,13.5700,13.5700,523000,7099712.0000,3
2017-07-19,20170719134000000,sh.600000,13.5700,13.5900,13.5600,13.5900,703100,9541132.0000,3
2017-07-19,20170719134500000,sh.600000,13.5900,13.6100,13.5700,13.5800,826000,11228398.0000,3
2017-07-19,20170719135000000,sh.600000,13.5700,13.6000,13.5700,13.5900,470200,6390909.0000,3
2017-07-19,20170719135500000,sh.600000,13.5900,13.6200,13.5800,13.5900,699500,9511848.0000,3
2017-07-19,20170719140000000,sh.600000,13.5900,13.5900,13.5500,13.5500,1051300,14271804.0000,3
2017-07-19,20170719140500000,sh.600000,13.5500,13.5900,13.5500,13.5600,735700,9981520.0000,3
2017-07-19,20170719141000000,sh.600000,13.5600,13.5700,13.5400,13.5500,961800,13038189.0000,3
2017-07-19,20170719141500000,sh.600000,13.5500,13.5500,13.5100,13.5500,1935600,26189280.0000,3
2017-07-19,20170719142000000,sh.600000,13.5500,13.6100,13.5400,13.6000,1166100,15828341.0000,3
2017-07-19,20170719142500000,sh.600000,13.6100,13.6300,13.5800,13.5800,1615100,21960948.0000,3
2017-07-19,20170719143000000,sh.600000,13.6000,13.6900,13.5800,13.6800,1989500,27139692.0000,3
2017-07-19,20170719143500000,sh.600000,13.6800,13.6900,13.6000,13.6100,1387400,18924296.0000,3
2017-07-19,20170719144000000,sh.600000,13.6000,13.6100,13.5700,13.5800,952600,12949120.0000,3
2017-07-19,20170719144500000,sh.600000,13.5800,13.6600,13.5700,13.6300,2052400,27969414.0000,3
2017-07-19,20170719145000000,sh.600000,13.6400,13.6800,13.6100,13.6700,1440900,19666072.0000,3
2017-07-19,20170719145500000,sh.600000,13.6600,13.6800,13.6400,13.6700,2129700,29103480.0000,3
2017-07-19,20170719150000000,sh.600000,13.6800,13.7100,13.6700,13.6900,3155100,43199720.0000,3
2017-07-20,20170720093500000,sh.600000,13.6700,13.7000,13.6200,13.6900,2911400,39798012.0000,3
2017-07-20,20170720094000000,sh.600000,13.6600,13.6900,13.6500,13.6600,1148100,15685368.0000,3
2017-07-20,20170720094500000,sh.600000,13.6600,13.6600,13.5700,13.5900,2292900,31168964.0000,3
2017-07-20,20170720095000000,sh.600000,13.5900,13.6000,13.5300,13.5400,2522700,34218808.0000,3
2017-07-20,20170720095500000,sh.600000,13.5300,13.6000,13.5300,13.6000,1623600,21989434.0000,3
2017-07-20,20170720100000000,sh.600000,13.5900,13.6100,13.5500,13.5600,910800,12354435.0000,3
2017-07-20,20170720100500000,sh.600000,13.5600,13.5900,13.5500,13.5800,1048000,14216155.0000,3
2017-07-20,20170720101000000,sh.600000,13.5800,13.5900,13.5500,13.5700,847700,11493285.0000,3
2017-07-20,20170720101500000,sh.600000,13.5800,13.6200,13.5600,13.6000,671700,9131691.0000,3
2017-07-20,20170720102000000,sh.600000,13.6000,13.6200,13.5500,13.5500,748200,10161373.0000,3
2017-07-20,20170720102500000,sh.600000,13.5600,13.6000,13.5500,13.5600,826400,11212977.0000,3
2017-07-20,20170720103000000,sh.600000,13.5600,13.5800,13.5300,13.5500,1285100,17412378.0000,3
2017-07-20,20170720103500000,sh.600000,13.5500,13.5800,13.5400,13.5600,608800,8255864.0000,3
2017-07-20,20170720104000000,sh.600000,13.5500,13.5900,13.5500,13.5700,566000,7679734.0000,3
2017-07-20,20170720104500000,sh.600000,13.5700,13.5900,13.5600,13.5700,413800,5617545.0000,3
2017-07-20,20170720105000000,sh.600000,13.5600,13.6400,13.5500,13.6400,1531400,20815708.0000,3
2017-07-20,20170720105500000,sh.600000,13.6400,13.6500,13.6100,13.6100,639000,8713843.0000,3
2017-07-20,20170720110000000,sh.600000,13.6200,13.6200,13.5900,13.5900,293700,3996868.0000,3
2017-07-20,20170720110500000,sh.600000,13.6000,13.6200,13.5800,13.6000,452600,6154653.0000,3
2017-07-20,20170720111000000,sh.600000,13.6100,13.6200,13.5900,13.6200,481900,6557050.0000,3
2017-07-20,20170720111500000,sh.600000,13.6200,13.6300,13.5800,13.6100,713600,9710111.0000,3
2017-07-20,20170720112000000,sh.600000,13.6100,13.6400,13.6000,13.6400,579400,7892324.0000,3
2017-07-20,20170720112500000,sh.600000,13.6400,13.6400,13.6000,13.6000,724200,9858926.0000,3
2017-07-20,20170720113000000,sh.600000,13.6000,13.6200,13.5900,13.6100,343300,4668865.0000,3
2017-07-20,20170720130500000,sh.600000,13.6100,13.6400,13.6000,13.6100,469600,6391768.0000,3
2017-07-20,20170720131000000,sh.600000,13.6000,13.6300,13.6000,13.6200,176900,2408416.0000,3
2017-07-20,20170720131500000,sh.600000,13.6200,13.6200,13.6000,13.6200,375900,5116352.0000,3
2017-07-20,20170720132000000,sh.600000,13.6100,13.6200,13.5900,13.5900,495300,6738142.0000,3
2017-07-20,20170720132500000,sh.600000,13.6000,13.6000,13.5600,13.5900,530700,7207436.0000,3
2017-07-20,20170720133000000,sh.600000,13.5800,13.6000,13.5700,13.5900,504000,6847003.0000,3
2017-07-20,20170720133500000,sh.600000,13.6000,13.6000,13.5700,13.5900,489500,6648196.0000,3
2017-07-20,20170720134000000,sh.600000,13.5900,13.6200,13.5800,13.6100,428900,5837243.0000,3
2017-07-20,20170720134500000,sh.600000,13.6100,13.6500,13.6000,13.6500,804100,10960906.0000,3
2017-07-20,20170720135000000,sh.600000,13.6400,13.6400,13.6200,13.6400,492700,6718205.0000,3
2017-07-20,20170720135500000,sh.600000,13.6300,13.6400,13.6000,13.6000,329200,4483830.0000,3
2017-07-20,20170720140000000,sh.600000,13.6000,13.6400,13.5900,13.6400,468200,6372978.0000,3
2017-07-20,20170720140500000,sh.600000,13.6400,13.6500,13.6100,13.6200,602200,8209144.0000,3
2017-07-20,20170720141000000,sh.600000,13.6300,13.6500,13.6200,13.6300,610100,8320220.0000,3
2017-07-20,20170720141500000,sh.600000,13.6300,13.6500,13.6200,13.6500,569800,7771204.0000,3
2017-07-20,20170720142000000,sh.600000,13.6500,13.6600,13.6300,13.6300,1208800,16499647.0000,3
2017-07-20,20170720142500000,sh.600000,13.6300,13.6400,13.6100,13.6100,512900,6984442.0000,3
2017-07-20,20170720143000000,sh.600000,13.6100,13.6100,13.5900,13.5900,500000,6798112.0000,3
2017-07-20,20170720143500000,sh.600000,13.5800,13.6000,13.5800,13.5800,489000,6645824.0000,3
2017-07-20,20170720144000000,sh.600000,13.5800,13.5900,13.5700,13.5700,725400,9850355.0000,3
2017-07-20,20170720144500000,sh.600000,13.5800,13.5800,13.5600,13.5700,812400,11023355.0000,3
2017-07-20,20170720145000000,sh.600000,13.5600,13.6100,13.5500,13.6100,1708300,23193394.0000,3
2017-07-20,20170720145500000,sh.600000,13.6200,13.6200,13.6000,13.6000,766200,10427860.0000,3
2017-07-20,20170720150000000,sh.600000,13.6100,13.6300,13.5500,13.6200,1760900,23956814.0000,3
2017-07-21,20170721093500000,sh.600000,13.6100,13.6100,13.5500,13.5700,1065600,14476267.0000,3
2017-07-21,20170721094000000,sh.600000,13.5700,13.6300,13.5600,13.5800,556800,7569429.0000,3
2017-07-21,20170721094500000,sh.600000,13.5800,13.5900,13.5400,13.5400,1100000,14913852.0000,3
2017-07-21,20170721095000000,sh.600000,13.5600,13.5600,13.5000,13.5100,1500500,20302696.0000,3
2017-07-21,20170721095500000,sh.600000,13.5100,13.5300,13.4800,13.4800,2215200,29912552.0000,3
2017-07-21,20170721100000000,sh.600000,13.4900,13.5300,13.4800,13.5200,1900400,25665336.0000,3
2017-07-21,20170721100500000,sh.600000,13.5200,13.5300,13.5100,13.5100,904600,12233588.0000,3
2017-07-21,20170721101000000,sh.600000,13.5200,13.5200,13.4900,13.5100,1130100,15261541.0000,3
2017-07-21,20170721101500000,sh.600000,13.5100,13.5100,13.4800,13.5000,1013800,13675443.0000,3
2017-07-21,20170721102000000,sh.600000,13.5100,13.5200,13.4900,13.5200,635200,8578085.0000,3
2017-07-21,20170721102500000,sh.600000,13.5100,13.5200,13.4600,13.4700,1510300,20368578.0000,3
2017-07-21,20170721103000000,sh.600000,13.4600,13.4800,13.4600,13.4700,1025600,13817391.0000,3
2017-07-21,20170721103500000,sh.600000,13.4800,13.4900,13.4200,13.4400,2602700,35003912.0000,3
2017-07-21,20170721104000000,sh.600000,13.4300,13.4600,13.4100,13.4300,2743200,36841364.0000,3
2017-07-21,20170721104500000,sh.600000,13.4300,13.4500,13.4000,13.4200,1756800,23581336.0000,3
2017-07-21,20170721105000000,sh.600000,13.4300,13.4400,13.3900,13.4100,2007400,26912728.0000,3
2017-07-21,20170721105500000,sh.600000,13.4300,13.4400,13.4000,13.4100,1182100,15862459.0000,3
2017-07-21,20170721110000000,sh.600000,13.4100,13.4300,13.3900,13.4200,1010800,13552983.0000,3
2017-07-21,20170721110500000,sh.600000,13.4200,13.4400,13.4000,13.4400,826400,11085807.0000,3
2017-07-21,20170721111000000,sh.600000,13.4400,13.4400,13.4300,13.4300,420800,5648506.0000,3
2017-07-21,20170721111500000,sh.600000,13.4300,13.4400,13.3800,13.4000,1914700,25651036.0000,3
2017-07-21,20170721112000000,sh.600000,13.4100,13.4500,13.3800,13.4400,856200,11480939.0000,3
2017-07-21,20170721112500000,sh.600000,13.4400,13.4400,13.4100,13.4200,608700,8168129.0000,3
2017-07-21,20170721113000000,sh.600000,13.4200,13.4300,13.4100,13.4100,364200,4888074.0000,3
2017-07-21,20170721130500000,sh.600000,13.4100,13.4300,13.4100,13.4100,994500,13340045.0000,3
2017-07-21,20170721131000000,sh.600000,13.4200,13.4200,13.3900,13.4100,675800,9056214.0000,3
2017-07-21,20170721131500000,sh.600000,13.4000,13.4100,13.3900,13.4000,616800,8263372.0000,3
2017-07-21,20170721132000000,sh.600000,13.4000,13.4300,13.3800,13.4300,1599800,21439500.0000,3
2017-07-21,20170721132500000,sh.600000,13.4300,13.4300,13.4100,13.4300,1101500,14789644.0000,3
2017-07-21,20170721133000000,sh.600000,13.4300,13.4800,13.4200,13.4700,2527700,33976444.0000,3
2017-07-21,20170721133500000,sh.600000,13.4800,13.4800,13.4300,13.4500,339800,4572779.0000,3
2017-07-21,20170721134000000,sh.600000,13.4400,13.4500,13.4300,13.4500,411000,5525238.0000,3
2017-07-21,20170721134500000,sh.600000,13.4500,13.4500,13.4300,13.4400,344100,4625068.0000,3
2017-07-21,20170721135000000,sh.600000,13.4400,13.4500,13.4300,13.4500,262600,3529532.0000,3
2017-07-21,20170721135500000,sh.600000,13.4500,13.4500,13.4300,13.4500,375700,5051803.0000,3
2017-07-21,20170721140000000,sh.600000,13.4500,13.4700,13.4400,13.4700,613000,8247613.0000,3
2017-07-21,20170721140500000,sh.600000,13.4600,13.4700,13.4500,13.4500,418500,5632594.0000,3
2017-07-21,20170721141000000,sh.600000,13.4500,13.4800,13.4500,13.4800,737300,9927411.0000,3
2017-07-21,20170721141500000,sh.600000,13.4800,13.4800,13.4700,13.4800,203000,2736695.0000,3
2017-07-21,20170721142000000,sh.600000,13.4700,13.4700,13.4300,13.4500,795200,10693501.0000,3
2017-07-21,20170721142500000,sh.600000,13.4400,13.4700,13.4200,13.4600,953100,12810569.0000,3
2017-07-21,20170721143000000,sh.600000,13.4500,13.4700,13.4300,13.4300,770300,10354378.0000,3
2017-07-21,20170721143500000,sh.600000,13.4400,13.4400,13.4200,13.4300,573200,7698919.0000,3
2017-07-21,20170721144000000,sh.600000,13.4400,13.4400,13.4000,13.4400,1199100,16088335.0000,3
2017-07-21,20170721144500000,sh.600000,13.4400,13.4400,13.3900,13.4100,1718300,23024612.0000,3
2017-07-21,20170721145000000,sh.600000,13.4100,13.4100,13.3900,13.4000,1940800,25990462.0000,3
2017-07-21,20170721145500000,sh.600000,13.3900,13.4400,13.3900,13.4400,1021200,13695263.0000,3
2017-07-21,20170721150000000,sh.600000,13.4300,13.4600,13.4200,13.4500,1225900,16477218.0000,3
2017-07-24,20170724093500000,sh.600000,13.4500,13.4800,13.4000,13.4300,1223400,16454395.0000,3
2017-07-24,20170724094000000,sh.600000,13.4300,13.5100,13.4100,13.4900,1199700,16143233.0000,3
2017-07-24,20170724094500000,sh.600000,13.4800,13.5000,13.4700,13.4900,1083600,14612473.0000,3
2017-07-24,20170724095000000,sh.600000,13.5000,13.5400,13.4900,13.5100,1743700,23567096.0000,3
2017-07-24,20170724095500000,sh.600000,13.4900,13.5500,13.4900,13.5400,1437400,19449734.0000,3
2017-07-24,20170724100000000,sh.600000,13.5300,13.5400,13.4900,13.5100,961500,13000113.0000,3
2017-07-24,20170724100500000,sh.600000,13.5100,13.5200,13.5000,13.5100,708000,9568385.0000,3
2017-07-24,20170724101000000,sh.600000,13.5100,13.5100,13.4700,13.4800,763700,10304733.0000,3
2017-07-24,20170724101500000,sh.600000,13.4800,13.5000,13.4700,13.4800,1282900,17302164.0000,3
2017-07-24,20170724102000000,sh.600000,13.4900,13.4900,13.4300,13.4400,944100,12708465.0000,3
2017-07-24,20170724102500000,sh.600000,13.4500,13.4500,13.4200,13.4200,1875900,25177880.0000,3
2017-07-24,20170724103000000,sh.600000,13.4100,13.4500,13.3900,13.4100,1116000,14976840.0000,3
2017-07-24,20170724103500000,sh.600000,13.4000,13.4400,13.3600,13.4000,1433600,19203270.0000,3
2017-07-24,20170724104000000,sh.600000,13.4000,13.4100,13.3900,13.4000,720400,9651219.0000,3
2017-07-24,20170724104500000,sh.600000,13.3900,13.4200,13.3800,13.4100,1504400,20154442.0000,3
2017-07-24,20170724105000000,sh.600000,13.4200,13.4500,13.4000,13.4400,2126000,28550816.0000,3
2017-07-24,20170724105500000,sh.600000,13.4400,13.4900,13.4300,13.4500,1638900,22059700.0000,3
2017-07-24,20170724110000000,sh.600000,13.4500,13.5200,13.4400,13.5000,1574200,21222170.0000,3
2017-07-24,20170724110500000,sh.600000,13.5000,13.5500,13.4900,13.5400,2584600,34981280.0000,3
2017-07-24,20170724111000000,sh.600000,13.5400,13.5400,13.5000,13.5100,757000,10231893.0000,3
2017-07-24,20170724111500000,sh.600000,13.5100,13.5100,13.4900,13.4900,592200,7996192.0000,3
2017-07-24,20170724112000000,sh.600000,13.5000,13.5100,13.4800,13.5100,739700,9983299.0000,3
2017-07-24,20170724112500000,sh.600000,13.5000,13.5000,13.4600,13.4900,858600,11574424.0000,3
2017-07-24,20170724113000000,sh.600000,13.4700,13.5000,13.4500,13.4900,700200,9428914.0000,3
2017-07-24,20170724130500000,sh.600000,13.4800,13.4900,13.4600,13.4700,398800,5374806.0000,3
2017-07-24,20170724131000000,sh.600000,13.4800,13.4900,13.4700,13.4800,279200,3763744.0000,3
2017-07-24,20170724131500000,sh.600000,13.5000,13.5000,13.4700,13.4800,494100,6664045.0000,3
2017-07-24,20170724132000000,sh.600000,13.4700,13.4900,13.4400,13.4600,822900,11077239.0000,3
2017-07-24,20170724132500000,sh.600000,13.4600,13.4900,13.4500,13.4700,513600,6917925.0000,3
2017-07-24,20170724133000000,sh.600000,13.4600,13.4800,13.4400,13.4800,550900,7415215.0000,3
2017-07-24,20170724133500000,sh.600000,13.4600,13.4800,13.4600,13.4800,289900,3905860.0000,3
2017-07-24,20170724134000000,sh.600000,13.4800,13.4900,13.4600,13.4900,570800,7697890.0000,3
2017-07-24,20170724134500000,sh.600000,13.4900,13.5000,13.4800,13.4900,606100,8176717.0000,3
2017-07-24,20170724135000000,sh.600000,13.4900,13.5000,13.4700,13.4800,404200,5449803.0000,3
2017-07-24,20170724135500000,sh.600000,13.4900,13.5100,13.4800,13.5100,972400,13122511.0000,3
2017-07-24,20170724140000000,sh.600000,13.5100,13.5400,13.5100,13.5300,1464400,19808564.0000,3
2017-07-24,20170724140500000,sh.600000,13.5300,13.6000,13.5200,13.5600,3250000,44094820.0000,3
2017-07-24,20170724141000000,sh.600000,13.5700,13.6000,13.5500,13.5900,1410600,19160468.0000,3
2017-07-24,20170724141500000,sh.600000,13.5900,13.6400,13.5600,13.5900,2348600,31955186.0000,3
2017-07-24,20170724142000000,sh.600000,13.5900,13.6400,13.5900,13.6100,2035500,27719836.0000,3
2017-07-24,20170724142500000,sh.600000,13.6100,13.6800,13.6000,13.6600,3321100,45324800.0000,3
2017-07-24,20170724143000000,sh.600000,13.6700,13.6700,13.6200,13.6600,1850000,25251796.0000,3
2017-07-24,20170724143500000,sh.600000,13.6800,13.7400,13.6300,13.7200,3332100,45597712.0000,3
2017-07-24,20170724144000000,sh.600000,13.7200,13.7300,13.6800,13.6800,2040200,27966724.0000,3
2017-07-24,20170724144500000,sh.600000,13.6800,13.6900,13.6400,13.6800,1726900,23608556.0000,3
2017-07-24,20170724145000000,sh.600000,13.6900,13.7200,13.6600,13.7100,2553100,34962224.0000,3
2017-07-24,20170724145500000,sh.600000,13.7000,13.7200,13.6800,13.7200,2125600,29118820.0000,3
2017-07-24,20170724150000000,sh.600000,13.7100,13.7300,13.6400,13.6700,2888600,39595296.0000,3
2017-07-25,20170725093500000,sh.600000,13.6200,13.7100,13.6200,13.6700,2853100,38985836.0000,3
2017-07-25,20170725094000000,sh.600000,13.6800,13.7000,13.6100,13.6900,4067900,55575152.0000,3
2017-07-25,20170725094500000,sh.600000,13.6800,13.7500,13.6000,13.6400,5321600,72780128.0000,3
2017-07-25,20170725095000000,sh.600000,13.6400,13.6500,13.6000,13.6200,1579600,21523914.0000,3
2017-07-25,20170725095500000,sh.600000,13.6200,13.6200,13.5500,13.5900,2156100,29284776.0000,3
2017-07-25,20170725100000000,sh.600000,13.5900,13.6100,13.5600,13.5600,1279100,17374090.0000,3
2017-07-25,20170725100500000,sh.600000,13.5700,13.6000,13.5500,13.5800,1150000,15612500.0000,3
2017-07-25,20170725101000000,sh.600000,13.5800,13.6300,13.5800,13.6200,1011200,13750662.0000,3
2017-07-25,20170725101500000,sh.600000,13.6300,13.6300,13.5900,13.6100,788600,10733031.0000,3
2017-07-25,20170725102000000,sh.600000,13.6000,13.6800,13.6000,13.6800,2543700,34736312.0000,3
2017-07-25,20170725102500000,sh.600000,13.6800,13.6900,13.6300,13.6700,2363400,32303108.0000,3
2017-07-25,20170725103000000,sh.600000,13.6700,13.7100,13.6600,13.6800,2109800,28865500.0000,3
2017-07-25,20170725103500000,sh.600000,13.6700,13.7200,13.6700,13.7000,2470100,33864176.0000,3
2017-07-25,20170725104000000,sh.600000,13.7100,13.7100,13.6400,13.6600,1598900,21883428.0000,3
2017-07-25,20170725104500000,sh.600000,13.6600,13.6800,13.6200,13.6500,1051800,14353652.0000,3
2017-07-25,20170725105000000,sh.600000,13.6300,13.6800,13.6300,13.6700,637500,8708293.0000,3
2017-07-25,20170725105500000,sh.600000,13.6600,13.6600,13.6000,13.6200,1202600,16390902.0000,3
2017-07-25,20170725110000000,sh.600000,13.6200,13.6300,13.5600,13.5900,1317300,17899530.0000,3
2017-07-25,20170725110500000,sh.600000,13.5800,13.5900,13.5400,13.5600,1445800,19610700.0000,3
2017-07-25,20170725111000000,sh.600000,13.5700,13.5800,13.5100,13.5500,1311900,17762432.0000,3
2017-07-25,20170725111500000,sh.600000,13.5600,13.6000,13.5500,13.6000,679800,9227859.0000,3
2017-07-25,20170725112000000,sh.600000,13.6000,13.6000,13.5800,13.5800,507900,6904308.0000,3
2017-07-25,20170725112500000,sh.600000,13.5800,13.5900,13.5700,13.5800,289200,3927011.0000,3
2017-07-25,20170725113000000,sh.600000,13.5800,13.6300,13.5800,13.6300,208200,2834203.0000,3
2017-07-25,20170725130500000,sh.600000,13.6200,13.6300,13.6000,13.6000,362200,4932541.0000,3
2017-07-25,20170725131000000,sh.600000,13.6100,13.6100,13.5800,13.5800,210800,2867157.0000,3
2017-07-25,20170725131500000,sh.600000,13.5800,13.6000,13.5700,13.5800,265400,3603842.0000,3
2017-07-25,20170725132000000,sh.600000,13.5900,13.6200,13.5800,13.6100,246500,3354631.0000,3
2017-07-25,20170725132500000,sh.600000,13.6100,13.6100,13.5800,13.5900,326500,4441001.0000,3
2017-07-25,20170725133000000,sh.600000,13.5900,13.6000,13.5700,13.5900,326400,4435257.0000,3
2017-07-25,20170725133500000,sh.600000,13.5900,13.6100,13.5900,13.6100,315400,4290797.0000,3
2017-07-25,20170725134000000,sh.600000,13.6000,13.6200,13.6000,13.6100,473900,6451653.0000,3
2017-07-25,20170725134500000,sh.600000,13.6100,13.6200,13.6000,13.6000,194100,2642954.0000,3
2017-07-25,20170725135000000,sh.600000,13.6000,13.6100,13.5800,13.5900,355300,4830568.0000,3
2017-07-25,20170725135500000,sh.600000,13.5800,13.5900,13.5400,13.5400,475000,6444995.0000,3
2017-07-25,20170725140000000,sh.600000,13.5500,13.5800,13.5300,13.5600,586800,7954176.0000,3
2017-07-25,20170725140500000,sh.600000,13.5700,13.5700,13.5000,13.5200,1547800,20928492.0000,3
2017-07-25,20170725141000000,sh.600000,13.5200,13.5300,13.5000,13.5300,1225800,16558239.0000,3
2017-07-25,20170725141500000,sh.600000,13.5300,13.5400,13.5100,13.5200,428700,5796754.0000,3
2017-07-25,20170725142000000,sh.600000,13.5200,13.5300,13.4900,13.5000,756700,10221733.0000,3
2017-07-25,20170725142500000,sh.600000,13.5000,13.5000,13.4100,13.4600,2116500,28478016.0000,3
2017-07-25,20170725143000000,sh.600000,13.4500,13.6200,13.4500,13.5800,2421500,32801460.0000,3
2017-07-25,20170725143500000,sh.600000,13.5900,13.6100,13.5500,13.5500,1292200,17551226.0000,3
2017-07-25,20170725144000000,sh.600000,13.5500,13.5600,13.5300,13.5500,480800,6511881.0000,3
2017-07-25,20170725144500000,sh.600000,13.5500,13.5600,13.5300,13.5400,412300,5585112.0000,3
2017-07-25,20170725145000000,sh.600000,13.5400,13.5500,13.5300,13.5400,378600,5127186.0000,3
2017-07-25,20170725145500000,sh.600000,13.5400,13.5500,13.5200,13.5200,1793400,24275402.0000,3
2017-07-25,20170725150000000,sh.600000,13.5300,13.5400,13.5000,13.5100,1538100,20792506.0000,3
2017-07-26,20170726093500000,sh.600000,13.4500,13.5100,13.4100,13.5000,2287900,30766772.0000,3
2017-07-26,20170726094000000,sh.600000,13.5000,13.5200,13.4400,13.4500,1469000,19798320.0000,3
2017-07-26,20170726094500000,sh.600000,13.4500,13.5900,13.4200,13.5600,1688000,22811262.0000,3
2017-07-26,20170726095000000,sh.600000,13.5700,13.6600,13.5600,13.6100,2528600,34416936.0000,3
2017-07-26,20170726095500000,sh.600000,13.6200,13.7000,13.6200,13.6800,3833800,52372644.0000,3
2017-07-26,20170726100000000,sh.600000,13.6800,13.6800,13.5900,13.6100,2858000,38984752.0000,3
2017-07-26,20170726100500000,sh.600000,13.6100,13.6200,13.5900,13.6100,885100,12047138.0000,3
2017-07-26,20170726101000000,sh.600000,13.6200,13.6300,13.5500,13.5800,1640600,22302452.0000,3
2017-07-26,20170726101500000,sh.600000,13.5700,13.6100,13.5700,13.5800,1010400,13727454.0000,3
2017-07-26,20170726102000000,sh.600000,13.5800,13.6000,13.5500,13.5700,1102900,14968907.0000,3
2017-07-26,20170726102500000,sh.600000,13.5800,13.5900,13.5500,13.5700,986800,13393550.0000,3
2017-07-26,20170726103000000,sh.600000,13.5700,13.5900,13.5500,13.5500,812000,11023040.0000,3
2017-07-26,20170726103500000,sh.600000,13.5500,13.5700,13.5200,13.5200,1062200,14383790.0000,3
2017-07-26,20170726104000000,sh.600000,13.5300,13.5400,13.4900,13.5200,900000,12165357.0000,3
2017-07-26,20170726104500000,sh.600000,13.5300,13.5300,13.4700,13.4900,1023800,13814072.0000,3
2017-07-26,20170726105000000,sh.600000,13.5000,13.5100,13.4800,13.4800,676600,9130603.0000,3
2017-07-26,20170726105500000,sh.600000,13.4900,13.5300,13.4500,13.4900,1634200,22022764.0000,3
2017-07-26,20170726110000000,sh.600000,13.4900,13.5300,13.4700,13.5100,535200,7228655.0000,3
2017-07-26,20170726110500000,sh.600000,13.5100,13.5100,13.4800,13.5000,381400,5147294.0000,3
2017-07-26,20170726111000000,sh.600000,13.4900,13.5000,13.4500,13.4600,791600,10662719.0000,3
2017-07-26,20170726111500000,sh.600000,13.4500,13.4600,13.4300,13.4500,1354900,18220280.0000,3
2017-07-26,20170726112000000,sh.600000,13.4500,13.4700,13.4200,13.4400,995800,13381452.0000,3
2017-07-26,20170726112500000,sh.600000,13.4400,13.5000,13.4200,13.4400,790500,10637209.0000,3
2017-07-26,20170726113000000,sh.600000,13.4500,13.4600,13.3900,13.4100,1965800,26359070.0000,3
2017-07-26,20170726130500000,sh.600000,13.4100,13.4300,13.3800,13.4000,1123500,15059008.0000,3
2017-07-26,20170726131000000,sh.600000,13.4000,13.4300,13.3900,13.4200,897400,12031314.0000,3
2017-07-26,20170726131500000,sh.600000,13.4200,13.4300,13.4000,13.4200,1032600,13846844.0000,3
2017-07-26,20170726132000000,sh.600000,13.4300,13.4300,13.3900,13.4300,567700,7613560.0000,3
2017-07-26,20170726132500000,sh.600000,13.4300,13.4500,13.3900,13.4500,1117600,14992239.0000,3
2017-07-26,20170726133000000,sh.600000,13.4500,13.4600,13.4100,13.4600,1018800,13683530.0000,3
2017-07-26,20170726133500000,sh.600000,13.4600,13.5100,13.4600,13.5000,1885600,25431764.0000,3
2017-07-26,20170726134000000,sh.600000,13.5100,13.5300,13.4700,13.5000,734600,9924371.0000,3
2017-07-26,20170726134500000,sh.600000,13.4900,13.5000,13.4500,13.4800,342400,4614456.0000,3
2017-07-26,20170726135000000,sh.600000,13.4900,13.5000,13.4400,13.4400,332700,4485627.0000,3
2017-07-26,20170726135500000,sh.600000,13.4400,13.4800,13.4300,13.4300,270200,3636625.0000,3
2017-07-26,20170726140000000,sh.600000,13.4400,13.4500,13.4300,13.4300,394800,5303855.0000,3
2017-07-26,20170726140500000,sh.600000,13.4300,13.4300,13.4100,13.4100,700700,9403836.0000,3
2017-07-26,20170726141000000,sh.600000,13.4100,13.4300,13.4000,13.4200,1212700,16257745.0000,3
2017-07-26,20170726141500000,sh.600000,13.4200,13.4300,13.4000,13.4000,831300,11149286.0000,3
2017-07-26,20170726142000000,sh.600000,13.4000,13.4200,13.3900,13.4000,1198300,16063471.0000,3
2017-07-26,20170726142500000,sh.600000,13.4000,13.4000,13.3900,13.3900,894600,11980839.0000,3
2017-07-26,20170726143000000,sh.600000,13.3900,13.4600,13.3800,13.4500,1750900,23455296.0000,3
2017-07-26,20170726143500000,sh.600000,13.4400,13.4500,13.4300,13.4300,469100,6304609.0000,3
2017-07-26,20170726144000000,sh.600000,13.4300,13.4400,13.4100,13.4100,407600,5469773.0000,3
2017-07-26,20170726144500000,sh.600000,13.4000,13.4600,13.4000,13.4300,1208900,16238751.0000,3
2017-07-26,20170726145000000,sh.600000,13.4100,13.4100,13.3800,13.3900,1508000,20195000.0000,3
2017-07-26,20170726145500000,sh.600000,13.3800,13.4000,13.3700,13.3900,2046000,27379080.0000,3
2017-07-26,20170726150000000,sh.600000,13.3900,13.4000,13.3600,13.3800,2332200,31201706.0000,3
2017-07-27,20170727093500000,sh.600000,13.3800,13.4100,13.3300,13.3500,1799700,24033342.0000,3
2017-07-27,20170727094000000,sh.600000,13.3400,13.3700,13.2800,13.3200,2277400,30328726.0000,3
2017-07-27,20170727094500000,sh.600000,13.3200,13.3800,13.3000,13.3700,920000,12272678.0000,3
2017-07-27,20170727095000000,sh.600000,13.3700,13.3700,13.3400,13.3500,520500,6953938.0000,3
2017-07-27,20170727095500000,sh.600000,13.3500,13.3800,13.3300,13.3800,480800,6420498.0000,3
2017-07-27,20170727100000000,sh.600000,13.3900,13.4200,13.3700,13.4100,952300,12754881.0000,3
2017-07-27,20170727100500000,sh.600000,13.4100,13.4200,13.3800,13.3900,695400,9323085.0000,3
2017-07-27,20170727101000000,sh.600000,13.3900,13.4100,13.3500,13.4000,567100,7585935.0000,3
2017-07-27,20170727101500000,sh.600000,13.3800,13.4300,13.3800,13.4200,1121000,15030827.0000,3
2017-07-27,20170727102000000,sh.600000,13.4100,13.4700,13.4100,13.4700,1360400,18301362.0000,3
2017-07-27,20170727102500000,sh.600000,13.4600,13.4700,13.4100,13.4400,1132300,15231324.0000,3
2017-07-27,20170727103000000,sh.600000,13.4400,13.4500,13.4200,13.4200,491000,6596135.0000,3
2017-07-27,20170727103500000,sh.600000,13.4200,13.4700,13.4000,13.4700,1124300,15109399.0000,3
2017-07-27,20170727104000000,sh.600000,13.4600,13.4700,13.4400,13.4500,572400,7705952.0000,3
2017-07-27,20170727104500000,sh.600000,13.4500,13.4600,13.3900,13.3900,474000,6363790.0000,3
2017-07-27,20170727105000000,sh.600000,13.3900,13.4100,13.3700,13.3900,755900,10119825.0000,3
2017-07-27,20170727105500000,sh.600000,13.3900,13.4000,13.3700,13.3800,266800,3570328.0000,3
2017-07-27,20170727110000000,sh.600000,13.3800,13.3800,13.3200,13.3400,633700,8457100.0000,3
2017-07-27,20170727110500000,sh.600000,13.3400,13.3600,13.2900,13.3400,1885900,25119008.0000,3
2017-07-27,20170727111000000,sh.600000,13.3400,13.3600,13.3100,13.3600,732800,9768713.0000,3
2017-07-27,20170727111500000,sh.600000,13.3600,13.3700,13.3500,13.3500,193800,2589271.0000,3
2017-07-27,20170727112000000,sh.600000,13.3500,13.3900,13.3400,13.3600,274700,3672440.0000,3
2017-07-27,20170727112500000,sh.600000,13.3500,13.3700,13.3400,13.3500,298200,3980134.0000,3
2017-07-27,20170727113000000,sh.600000,13.3500,13.3500,13.3300,13.3300,351200,4686631.0000,3
2017-07-27,20170727130500000,sh.600000,13.3300,13.3800,13.3100,13.3800,1083700,14456421.0000,3
2017-07-27,20170727131000000,sh.600000,13.3800,13.3900,13.3600,13.3700,643200,8604682.0000,3
2017-07-27,20170727131500000,sh.600000,13.3600,13.3900,13.3500,13.3700,813600,10883225.0000,3
2017-07-27,20170727132000000,sh.600000,13.3800,13.4000,13.3700,13.3800,874000,11698180.0000,3
2017-07-27,20170727132500000,sh.600000,13.3700,13.4000,13.3600,13.4000,901400,12062440.0000,3
2017-07-27,20170727133000000,sh.600000,13.4000,13.4000,13.3800,13.3900,352100,4715121.0000,3
2017-07-27,20170727133500000,sh.600000,13.4000,13.4100,13.3900,13.4000,548800,7354585.0000,3
2017-07-27,20170727134000000,sh.600000,13.4000,13.4100,13.3900,13.4000,334700,4486518.0000,3
2017-07-27,20170727134500000,sh.600000,13.3900,13.4100,13.3700,13.3900,469700,6288929.0000,3
2017-07-27,20170727135000000,sh.600000,13.3900,13.4100,13.3900,13.4000,348800,4674351.0000,3
2017-07-27,20170727135500000,sh.600000,13.4100,13.4100,13.3700,13.3700,314200,4206401.0000,3
2017-07-27,20170727140000000,sh.600000,13.3800,13.3900,13.3600,13.3800,600000,8024766.0000,3
2017-07-27,20170727140500000,sh.600000,13.3700,13.4000,13.3700,13.3900,495300,6629374.0000,3
2017-07-27,20170727141000000,sh.600000,13.3800,13.3900,13.3400,13.3500,746200,9973206.0000,3
2017-07-27,20170727141500000,sh.600000,13.3500,13.3800,13.3500,13.3700,226600,3029649.0000,3
2017-07-27,20170727142000000,sh.600000,13.3700,13.3700,13.3500,13.3600,279100,3728785.0000,3
2017-07-27,20170727142500000,sh.600000,13.3600,13.3600,13.3300,13.3500,285400,3809696.0000,3
2017-07-27,20170727143000000,sh.600000,13.3400,13.3700,13.3400,13.3500,590000,7879671.0000,3
2017-07-27,20170727143500000,sh.600000,13.3600,13.3800,13.3500,13.3700,359000,4797492.0000,3
2017-07-27,20170727144000000,sh.600000,13.3600,13.3700,13.3400,13.3500,385900,5155015.0000,3
2017-07-27,20170727144500000,sh.600000,13.3600,13.3800,13.3500,13.3500,661400,8832133.0000,3
2017-07-27,20170727145000000,sh.600000,13.3600,13.3600,13.3300,13.3500,671200,8958970.0000,3
2017-07-27,20170727145500000,sh.600000,13.3400,13.3900,13.3400,13.3800,865500,11562706.0000,3
2017-07-27,20170727150000000,sh.600000,13.3800,13.3900,13.3700,13.3800,879000,11760680.0000,3
2017-07-28,20170728093500000,sh.600000,13.3700,13.3800,13.3300,13.3300,632100,8440670.0000,3
2017-07-28,20170728094000000,sh.600000,13.3400,13.3600,13.3000,13.3400,1050800,14007382.0000,3
2017-07-28,20170728094500000,sh.600000,13.3400,13.3400,13.3000,13.3200,708200,9427138.0000,3
2017-07-28,20170728095000000,sh.600000,13.3100,13.3300,13.3100,13.3200,453200,6036876.0000,3
2017-07-28,20170728095500000,sh.600000,13.3300,13.3400,13.3200,13.3300,557000,7426236.0000,3
2017-07-28,20170728100000000,sh.600000,13.3300,13.3500,13.3300,13.3400,330300,4405734.0000,3
2017-07-28,20170728100500000,sh.600000,13.3400,13.3700,13.3400,13.3700,579400,7735630.0000,3
2017-07-28,20170728101000000,sh.600000,13.3600,13.3900,13.3400,13.3900,804800,10759674.0000,3
2017-07-28,20170728101500000,sh.600000,13.3900,13.4300,13.3800,13.4300,1310300,17563162.0000,3
2017-07-28,20170728102000000,sh.600000,13.4300,13.4400,13.4200,13.4400,954100,12813328.0000,3
2017-07-28,20170728102500000,sh.600000,13.4300,13.4500,13.4200,13.4200,871500,11712758.0000,3
2017-07-28,20170728103000000,sh.600000,13.4200,13.4300,13.4000,13.4100,463700,6221141.0000,3
2017-07-28,20170728103500000,sh.600000,13.4100,13.4100,13.3900,13.4000,317400,4252351.0000,3
2017-07-28,20170728104000000,sh.600000,13.4000,13.4400,13.3900,13.4400,1008900,13534194.0000,3
2017-07-28,20170728104500000,sh.600000,13.4400,13.4400,13.4100,13.4200,335200,4502826.0000,3
2017-07-28,20170728105000000,sh.600000,13.4200,13.4400,13.4200,13.4200,403400,5416712.0000,3
2017-07-28,20170728105500000,sh.600000,13.4300,13.4300,13.3800,13.4100,697400,9351879.0000,3
2017-07-28,20170728110000000,sh.600000,13.4100,13.4200,13.3800,13.3900,328300,4399445.0000,3
2017-07-28,20170728110500000,sh.600000,13.3900,13.4000,13.3800,13.3900,249200,3336140.0000,3
2017-07-28,20170728111000000,sh.600000,13.4000,13.4000,13.3700,13.3800,173500,2321526.0000,3
2017-07-28,20170728111500000,sh.600000,13.3700,13.3900,13.3600,13.3700,309700,4142272.0000,3
2017-07-28,20170728112000000,sh.600000,13.3700,13.3800,13.3600,13.3700,356900,4771672.0000,3
2017-07-28,20170728112500000,sh.600000,13.3700,13.3800,13.3600,13.3800,123200,1647972.0000,3
2017-07-28,20170728113000000,sh.600000,13.3700,13.3900,13.3700,13.3700,156900,2099098.0000,3
2017-07-28,20170728130500000,sh.600000,13.3900,13.3900,13.3600,13.3700,512800,6858794.0000,3
2017-07-28,20170728131000000,sh.600000,13.3600,13.3800,13.3600,13.3600,214600,2868041.0000,3
2017-07-28,20170728131500000,sh.600000,13.3700,13.3700,13.3600,13.3700,218900,2925470.0000,3
2017-07-28,20170728132000000,sh.600000,13.3600,13.3700,13.3600,13.3700,225500,3013868.0000,3
2017-07-28,20170728132500000,sh.600000,13.3600,13.3700,13.3500,13.3600,345100,4609667.0000,3
2017-07-28,20170728133000000,sh.600000,13.3500,13.3700,13.3500,13.3600,305000,4074472.0000,3
2017-07-28,20170728133500000,sh.600000,13.3600,13.3600,13.3400,13.3500,399700,5336378.0000,3
2017-07-28,20170728134000000,sh.600000,13.3500,13.3600,13.3400,13.3500,260900,3483865.0000,3
2017-07-28,20170728134500000,sh.600000,13.3600,13.3700,13.3500,13.3500,262500,3507275.0000,3
2017-07-28,20170728135000000,sh.600000,13.3500,13.3700,13.3500,13.3600,291300,3893853.0000,3
2017-07-28,20170728135500000,sh.600000,13.3700,13.3700,13.3500,13.3700,402000,5371298.0000,3
2017-07-28,20170728140000000,sh.600000,13.3600,13.3800,13.3600,13.3800,355000,4748179.0000,3
2017-07-28,20170728140500000,sh.600000,13.3700,13.3800,13.3600,13.3700,502400,6717586.0000,3
2017-07-28,20170728141000000,sh.600000,13.3700,13.3900,13.3700,13.3900,306900,4106762.0000,3
2017-07-28,20170728141500000,sh.600000,13.3900,13.3900,13.3700,13.3800,218200,2918733.0000,3
2017-07-28,20170728142000000,sh.600000,13.3700,13.3800,13.3700,13.3800,217000,2903220.0000,3
2017-07-28,20170728142500000,sh.600000,13.3900,13.3900,13.3600,13.3700,238700,3192345.0000,3
2017-07-28,20170728143000000,sh.600000,13.3800,13.3800,13.3600,13.3600,479100,6403692.0000,3
2017-07-28,20170728143500000,sh.600000,13.3600,13.3700,13.3500,13.3600,672400,8981408.0000,3
2017-07-28,20170728144000000,sh.600000,13.3700,13.4200,13.3700,13.4000,604900,8105169.0000,3
2017-07-28,20170728144500000,sh.600000,13.4100,13.4100,13.3900,13.4000,652700,8750374.0000,3
2017-07-28,20170728145000000,sh.600000,13.4000,13.4400,13.3900,13.4300,726400,9745211.0000,3
2017-07-28,20170728145500000,sh.600000,13.4300,13.4400,13.4200,13.4300,710100,9534897.0000,3
2017-07-28,20170728150000000,sh.600000,13.4200,13.4900,13.4200,13.4700,2655800,35735200.0000,3
2017-07-31,20170731093500000,sh.600000,13.4500,13.5000,13.4100,13.4900,1224200,16476087.0000,3
2017-07-31,20170731094000000,sh.600000,13.4900,13.5200,13.4800,13.4900,1360200,18358848.0000,3
2017-07-31,20170731094500000,sh.600000,13.4900,13.5200,13.4800,13.4800,904700,12216126.0000,3
2017-07-31,20170731095000000,sh.600000,13.4800,13.4900,13.4500,13.4600,1040000,14006984.0000,3
2017-07-31,20170731095500000,sh.600000,13.4600,13.4700,13.4100,13.4300,754000,10128494.0000,3
2017-07-31,20170731100000000,sh.600000,13.4300,13.4400,13.4100,13.4200,696400,9352269.0000,3
2017-07-31,20170731100500000,sh.600000,13.4100,13.4300,13.3900,13.4000,942600,12638037.0000,3
2017-07-31,20170731101000000,sh.600000,13.3900,13.4000,13.3800,13.3800,941700,12607230.0000,3
2017-07-31,20170731101500000,sh.600000,13.3800,13.3900,13.3400,13.3700,1504500,20106952.0000,3
2017-07-31,20170731102000000,sh.600000,13.3600,13.3700,13.3400,13.3600,1388200,18536644.0000,3
2017-07-31,20170731102500000,sh.600000,13.3600,13.3600,13.3400,13.3400,741800,9903444.0000,3
2017-07-31,20170731103000000,sh.600000,13.3400,13.3600,13.3400,13.3500,930300,12415736.0000,3
2017-07-31,20170731103500000,sh.600000,13.3400,13.3800,13.3400,13.3500,920300,12294849.0000,3
2017-07-31,20170731104000000,sh.600000,13.3600,13.3700,13.3500,13.3700,379800,5076904.0000,3
2017-07-31,20170731104500000,sh.600000,13.3700,13.4100,13.3500,13.4000,1527500,20426176.0000,3
2017-07-31,20170731105000000,sh.600000,13.4100,13.4200,13.3700,13.3800,508200,6803881.0000,3
2017-07-31,20170731105500000,sh.600000,13.3900,13.4000,13.3600,13.3600,463800,6205886.0000,3
2017-07-31,20170731110000000,sh.600000,13.3700,13.3700,13.3500,13.3500,406900,5437306.0000,3
2017-07-31,20170731110500000,sh.600000,13.3600,13.3700,13.3500,13.3500,896100,11967680.0000,3
2017-07-31,20170731111000000,sh.600000,13.3500,13.3500,13.3300,13.3400,904000,12060427.0000,3
2017-07-31,20170731111500000,sh.600000,13.3400,13.3600,13.3300,13.3600,1009800,13477550.0000,3
2017-07-31,20170731112000000,sh.600000,13.3500,13.3600,13.3300,13.3400,1125700,15021755.0000,3
2017-07-31,20170731112500000,sh.600000,13.3400,13.3400,13.3100,13.3200,2138200,28485684.0000,3
2017-07-31,20170731113000000,sh.600000,13.3200,13.3300,13.3100,13.3200,1341300,17864832.0000,3
2017-07-31,20170731130500000,sh.600000,13.3200,13.3300,13.3100,13.3300,1864600,24836364.0000,3
2017-07-31,20170731131000000,sh.600000,13.3300,13.3400,13.3200,13.3300,732300,9762756.0000,3
2017-07-31,20170731131500000,sh.600000,13.3400,13.3400,13.3200,13.3300,1526200,20346572.0000,3
2017-07-31,20170731132000000,sh.600000,13.3300,13.3600,13.3300,13.3400,1413200,18862316.0000,3
2017-07-31,20170731132500000,sh.600000,13.3600,13.3600,13.3400,13.3400,425300,5677912.0000,3
2017-07-31,20170731133000000,sh.600000,13.3500,13.3500,13.3400,13.3500,425700,5682120.0000,3
2017-07-31,20170731133500000,sh.600000,13.3400,13.3500,13.3400,13.3400,202200,2699090.0000,3
2017-07-31,20170731134000000,sh.600000,13.3400,13.3500,13.3300,13.3400,596500,7956047.0000,3
2017-07-31,20170731134500000,sh.600000,13.3300,13.3400,13.3300,13.3400,544800,7266129.0000,3
2017-07-31,20170731135000000,sh.600000,13.3300,13.3400,13.3300,13.3400,1009300,13460338.0000,3
2017-07-31,20170731135500000,sh.600000,13.3300,13.3400,13.3200,13.3400,581900,7758059.0000,3
2017-07-31,20170731140000000,sh.600000,13.3300,13.3400,13.3200,13.3300,375100,4999305.0000,3
2017-07-31,20170731140500000,sh.600000,13.3200,13.3400,13.3200,13.3400,1205100,16063515.0000,3
2017-07-31,20170731141000000,sh.600000,13.3300,13.3600,13.3200,13.3500,2124000,28340232.0000,3
2017-07-31,20170731141500000,sh.600000,13.3400,13.3700,13.3300,13.3700,937900,12527681.0000,3
2017-07-31,20170731142000000,sh.600000,13.3600,13.3800,13.3600,13.3800,483100,6462215.0000,3
2017-07-31,20170731142500000,sh.600000,13.3700,13.3900,13.3700,13.3800,1666500,22299826.0000,3
2017-07-31,20170731143000000,sh.600000,13.3700,13.3900,13.3700,13.3900,424900,5687499.0000,3
2017-07-31,20170731143500000,sh.600000,13.3800,13.4000,13.3800,13.3900,567200,7598983.0000,3
2017-07-31,20170731144000000,sh.600000,13.3900,13.4000,13.3700,13.3700,1054800,14118567.0000,3
2017-07-31,20170731144500000,sh.600000,13.3700,13.3800,13.3500,13.3700,607700,8124634.0000,3
2017-07-31,20170731145000000,sh.600000,13.3700,13.3800,13.3600,13.3800,498100,6662258.0000,3
2017-07-31,20170731145500000,sh.600000,13.3700,13.3800,13.3400,13.3500,736000,9836976.0000,3
2017-07-31,20170731150000000,sh.600000,13.3400,13.3700,13.3400,13.3600,1028600,13739700.0000,3
